policy_number,policyholder_name,gender,age,date_of_birth,phone,email,address,city,state,pincode,policy_type,sum_insured,policy_start_date,policy_end_date,total_claims_count,total_claims_paid,premium,status
POL10001,Lakshmi Shah,Female,50,1976-01-29,+91 7268753648,policyholder10001@example.in,"110, MG Road",Kolkata,West Bengal,700001,Motor,907000.00,2022-05-04,2023-05-04,1,165500.00,11700.00,Cancelled
POL10002,Aarav Khan,Female,23,2003-06-16,+91 7425954736,policyholder10002@example.in,"26, MG Road",Chennai,Tamil Nadu,600001,Health,1146000.00,2023-07-20,2026-09-22,0,0.00,20200.00,Active
POL10003,Aditya Pillai,Female,21,2005-02-03,+91 9644329140,policyholder10003@example.in,"22, Lake View Road",Delhi,Delhi,110001,Motor,360000.00,2023-02-14,2026-12-23,0,0.00,17100.00,Active
POL10004,Aditya Sharma,Female,61,1965-09-19,+91 8338934487,policyholder10004@example.in,"47, Lake View Road",Mumbai,Maharashtra,400001,Health,2148000.00,2021-10-21,2027-05-02,0,0.00,35000.00,Active
POL10005,Diya Khan,Male,49,1977-07-05,+91 8291319820,policyholder10005@example.in,"144, Park Street",Chennai,Tamil Nadu,600001,Health,1697500.00,2024-07-26,2027-07-26,0,0.00,71700.00,Active
POL10006,Tanvi Bhat,Female,24,2002-07-15,+91 8134168090,policyholder10006@example.in,"21, Park Street",Pune,Maharashtra,411001,Health,1458500.00,2022-11-06,2027-09-14,0,0.00,68900.00,Active
POL10007,Isha Singh,Female,23,2003-07-08,+91 7988079815,policyholder10007@example.in,"13, Park Street",Hyderabad,Telangana,500001,Health,1894500.00,2026-05-18,2028-05-17,4,1102500.00,87300.00,Active
POL10008,Sahil Deshmukh,Male,47,1979-05-17,+91 7858207405,policyholder10008@example.in,"77, Lake View Road",Delhi,Delhi,110001,Motor,423500.00,2025-09-29,2027-09-29,0,0.00,13800.00,Active
POL10009,Amrita Shah,Male,68,1958-03-07,+91 7156549213,policyholder10009@example.in,"59, MG Road",Mumbai,Maharashtra,400001,Travel,104500.00,2023-05-08,2026-11-14,0,0.00,1300.00,Active
POL10010,Aditi Nair,Other,37,1988-10-19,+91 7539063038,policyholder10010@example.in,"178, Station Road",Ahmedabad,Gujarat,380001,Motor,435000.00,2023-05-07,2026-10-13,0,0.00,7100.00,Active
POL10011,Pranav Deshmukh,Other,51,1975-06-28,+91 9186676307,policyholder10011@example.in,"69, Station Road",Bengaluru,Karnataka,560001,Motor,978500.00,2025-03-28,2027-03-28,1,143000.00,24400.00,Active
POL10012,Diya Verma,Female,27,1999-08-12,+91 8977815020,policyholder10012@example.in,"86, Station Road",Bengaluru,Karnataka,560001,Motor,824000.00,2025-04-20,2028-04-19,0,0.00,24100.00,Cancelled
POL10013,Diya Shetty,Male,25,2000-09-26,+91 8137467986,policyholder10013@example.in,"117, MG Road",Ahmedabad,Gujarat,380001,Motor,562000.00,2023-09-29,2027-07-20,0,0.00,26200.00,Active
POL10014,Rahul Menon,Male,54,1971-09-22,+91 7867003887,policyholder10014@example.in,"114, Lake View Road",Ahmedabad,Gujarat,380001,Motor,331000.00,2021-11-02,2026-12-15,1,29500.00,6700.00,Active
POL10015,Sahil Jain,Female,68,1958-02-06,+91 8760492762,policyholder10015@example.in,"57, Station Road",Mumbai,Maharashtra,400001,Motor,835000.00,2026-03-21,2027-07-26,0,0.00,17000.00,Active
POL10016,Sneha Patel,Male,20,2006-03-09,+91 8910136478,policyholder10016@example.in,"167, Lake View Road",Ahmedabad,Gujarat,380001,Motor,460500.00,2021-11-11,2022-11-11,1,101500.00,22000.00,Lapsed
POL10017,Varun Kulkarni,Female,46,1980-02-15,+91 9223009918,policyholder10017@example.in,"18, Lake View Road",Hyderabad,Telangana,500001,Health,1798000.00,2025-11-29,2027-11-29,1,237500.00,53200.00,Active
POL10018,Pooja Verma,Female,50,1976-09-10,+91 8124691006,policyholder10018@example.in,"104, Lake View Road",Mumbai,Maharashtra,400001,Home,3278000.00,2025-07-23,2026-07-23,2,665000.00,124300.00,Lapsed
POL10019,Sahil Mishra,Male,33,1993-07-04,+91 7943564635,policyholder10019@example.in,"121, MG Road",Mumbai,Maharashtra,400001,Motor,578000.00,2021-09-29,2026-09-28,0,0.00,16900.00,Active
POL10020,Arjun Menon,Female,75,1951-03-14,+91 8403992348,policyholder10020@example.in,"125, Station Road",Hyderabad,Telangana,500001,Health,738500.00,2024-12-17,2025-12-17,0,0.00,10000.00,Lapsed
POL10021,Sneha Kulkarni,Male,59,1967-07-31,+91 9100975529,policyholder10021@example.in,"122, Park Street",Bengaluru,Karnataka,560001,Health,2397500.00,2022-12-24,2027-05-23,1,536000.00,54200.00,Active
POL10022,Bhavna Menon,Female,54,1972-06-05,+91 8497175545,policyholder10022@example.in,"144, Lake View Road",Delhi,Delhi,110001,Home,2237000.00,2024-01-18,2026-11-24,0,0.00,26900.00,Active
POL10023,Kavya Mehta,Male,40,1986-07-24,+91 8347387297,policyholder10023@example.in,"23, Lake View Road",Mumbai,Maharashtra,400001,Motor,481000.00,2024-04-07,2025-04-07,3,174000.00,8400.00,Lapsed
POL10024,Pranav Reddy,Male,24,2002-04-07,+91 8996428236,policyholder10024@example.in,"138, Lake View Road",Bengaluru,Karnataka,560001,Health,376000.00,2021-12-08,2027-09-07,0,0.00,6300.00,Active
POL10025,Bhavna Mehta,Female,39,1987-01-05,+91 7892286656,policyholder10025@example.in,"168, Lake View Road",Hyderabad,Telangana,500001,Health,2440500.00,2023-09-26,2027-01-16,0,0.00,64600.00,Active
POL10026,Pranav Sharma,Female,29,1997-04-08,+91 8546859566,policyholder10026@example.in,"133, Park Street",Hyderabad,Telangana,500001,Home,2910500.00,2024-07-05,2027-01-20,0,0.00,54800.00,Active
POL10027,Shreya Singh,Female,73,1953-04-19,+91 7228433078,policyholder10027@example.in,"34, Park Street",Hyderabad,Telangana,500001,Health,2351500.00,2021-11-07,2026-10-07,0,0.00,55600.00,Active
POL10028,Diya Kulkarni,Male,39,1986-11-06,+91 7263197707,policyholder10028@example.in,"55, Station Road",Mumbai,Maharashtra,400001,Motor,257500.00,2022-11-27,2027-06-18,0,0.00,4900.00,Active
POL10029,Akash Malhotra,Female,36,1990-05-07,+91 8711630124,policyholder10029@example.in,"151, Park Street",Kolkata,West Bengal,700001,Motor,325000.00,2022-03-10,2027-08-12,0,0.00,9200.00,Active
POL10030,Tanvi Nair,Male,55,1971-05-23,+91 8120509470,policyholder10030@example.in,"113, MG Road",Hyderabad,Telangana,500001,Motor,110500.00,2025-01-15,2027-01-20,0,0.00,3500.00,Active
POL10031,Mohan Saxena,Female,28,1998-06-19,+91 8411572359,policyholder10031@example.in,"83, Station Road",Mumbai,Maharashtra,400001,Motor,757500.00,2022-04-22,2027-03-09,0,0.00,19000.00,Active
POL10032,Kavya Sharma,Male,64,1962-06-27,+91 8997183947,policyholder10032@example.in,"105, Lake View Road",Kolkata,West Bengal,700001,Health,1291000.00,2021-09-30,2026-10-09,0,0.00,48700.00,Active
POL10033,Devika Patel,Male,39,1987-01-06,+91 9362887779,policyholder10033@example.in,"159, MG Road",Chennai,Tamil Nadu,600001,Motor,212000.00,2025-07-09,2026-10-12,0,0.00,5100.00,Active
POL10034,Sanjay Iyer,Female,74,1952-06-27,+91 8373972684,policyholder10034@example.in,"79, Park Street",Mumbai,Maharashtra,400001,Motor,318000.00,2023-06-24,2026-11-22,0,0.00,13900.00,Active
POL10035,Farhan Reddy,Female,63,1963-01-20,+91 7580412609,policyholder10035@example.in,"32, Station Road",Hyderabad,Telangana,500001,Motor,538500.00,2025-08-28,2027-02-03,0,0.00,14600.00,Active
POL10036,Deepak Bhat,Male,37,1989-02-09,+91 8003132804,policyholder10036@example.in,"146, Park Street",Bengaluru,Karnataka,560001,Home,4375000.00,2025-07-26,2027-08-12,0,0.00,60200.00,Active
POL10037,Devika Verma,Other,49,1977-01-11,+91 8474321150,policyholder10037@example.in,"132, Park Street",Delhi,Delhi,110001,Motor,225000.00,2022-09-08,2026-10-01,0,0.00,5100.00,Active
POL10038,Sneha Deshmukh,Male,37,1989-03-10,+91 8643532876,policyholder10038@example.in,"176, MG Road",Kolkata,West Bengal,700001,Motor,990000.00,2021-10-11,2026-11-25,0,0.00,37600.00,Active
POL10039,Bhavna Verma,Female,41,1985-02-05,+91 7003730579,policyholder10039@example.in,"104, MG Road",Ahmedabad,Gujarat,380001,Health,1789000.00,2025-11-16,2027-05-14,0,0.00,22700.00,Active
POL10040,Ishaan Nair,Male,29,1997-01-29,+91 9817962752,policyholder10040@example.in,"26, Park Street",Chennai,Tamil Nadu,600001,Motor,267000.00,2023-10-18,2027-07-06,0,0.00,10600.00,Active
POL10041,Arun Kapoor,Female,37,1988-11-24,+91 9132839564,policyholder10041@example.in,"14, Station Road",Mumbai,Maharashtra,400001,Motor,588500.00,2026-05-12,2027-05-12,0,0.00,26000.00,Cancelled
POL10042,Devika Nair,Male,32,1994-06-17,+91 9036859504,policyholder10042@example.in,"14, Lake View Road",Delhi,Delhi,110001,Motor,637000.00,2021-12-29,2026-12-02,0,0.00,20100.00,Active
POL10043,Sahil Saxena,Male,44,1981-10-09,+91 7100988500,policyholder10043@example.in,"18, Lake View Road",Ahmedabad,Gujarat,380001,Health,2296500.00,2023-09-27,2026-10-24,0,0.00,74500.00,Active
POL10044,Neha Malhotra,Male,58,1967-11-03,+91 9832163159,policyholder10044@example.in,"26, Park Street",Hyderabad,Telangana,500001,Motor,675000.00,2023-05-20,2024-05-19,0,0.00,26900.00,Cancelled
POL10045,Aarav Srinivasan,Male,55,1970-11-17,+91 7965812175,policyholder10045@example.in,"48, Lake View Road",Hyderabad,Telangana,500001,Health,657000.00,2021-11-20,2027-06-06,0,0.00,29100.00,Active
POL10046,Aditi Pillai,Male,51,1975-07-29,+91 9186466193,policyholder10046@example.in,"129, Station Road",Mumbai,Maharashtra,400001,Health,2478500.00,2026-02-08,2027-02-08,0,0.00,58200.00,Cancelled
POL10047,Kavya Kulkarni,Male,62,1963-10-17,+91 9107273783,policyholder10047@example.in,"100, Lake View Road",Ahmedabad,Gujarat,380001,Health,582000.00,2023-07-18,2026-12-23,0,0.00,17900.00,Active
POL10048,Bhavna Kapoor,Male,23,2003-05-18,+91 9420528498,policyholder10048@example.in,"178, Station Road",Pune,Maharashtra,411001,Health,878500.00,2025-06-27,2027-07-30,0,0.00,40900.00,Active
POL10049,Isha Patel,Female,54,1971-11-02,+91 8765469985,policyholder10049@example.in,"97, Station Road",Pune,Maharashtra,411001,Motor,129500.00,2026-06-02,2028-06-01,0,0.00,5800.00,Active
POL10050,Neha Deshmukh,Female,25,2000-12-13,+91 7560333728,policyholder10050@example.in,"100, Station Road",Bengaluru,Karnataka,560001,Motor,919500.00,2025-09-13,2027-09-13,0,0.00,41300.00,Active
POL10051,Meera Shetty,Female,73,1953-07-13,+91 7101060807,policyholder10051@example.in,"72, Lake View Road",Hyderabad,Telangana,500001,Home,2772500.00,2023-08-21,2026-11-10,0,0.00,87100.00,Active
POL10052,Neha Malhotra,Female,61,1965-01-16,+91 8042318190,policyholder10052@example.in,"44, Station Road",Mumbai,Maharashtra,400001,Motor,235000.00,2024-09-28,2027-09-09,1,50000.00,9900.00,Active
POL10053,Sanjay Menon,Female,45,1980-12-05,+91 8221188927,policyholder10053@example.in,"122, MG Road",Mumbai,Maharashtra,400001,Health,931000.00,2025-10-12,2026-10-12,0,0.00,19900.00,Lapsed
POL10054,Aarav Sharma,Male,26,1999-11-23,+91 8914382932,policyholder10054@example.in,"82, MG Road",Hyderabad,Telangana,500001,Home,1619000.00,2024-03-27,2025-03-27,0,0.00,23000.00,Lapsed
POL10055,Amrita Iyer,Male,37,1989-06-07,+91 7888190984,policyholder10055@example.in,"138, Station Road",Chennai,Tamil Nadu,600001,Motor,615500.00,2024-11-12,2026-11-12,2,89000.00,12600.00,Cancelled
POL10056,Nikhil Malhotra,Male,37,1988-10-31,+91 7621110023,policyholder10056@example.in,"90, MG Road",Kolkata,West Bengal,700001,Health,1189500.00,2022-05-26,2027-06-10,0,0.00,53100.00,Active
POL10057,Diya Jain,Male,56,1970-07-09,+91 7251157825,policyholder10057@example.in,"9, Station Road",Mumbai,Maharashtra,400001,Motor,524000.00,2026-03-05,2027-03-05,0,0.00,17400.00,Lapsed
POL10058,Sanjay Singh,Male,30,1995-11-04,+91 7833087425,policyholder10058@example.in,"93, Station Road",Chennai,Tamil Nadu,600001,Health,1784500.00,2025-09-02,2028-09-01,1,439000.00,39800.00,Lapsed
POL10059,Farhan Nair,Female,28,1997-10-29,+91 9777888971,policyholder10059@example.in,"70, Lake View Road",Bengaluru,Karnataka,560001,Health,417000.00,2025-09-13,2027-09-13,0,0.00,14500.00,Active
POL10060,Lakshmi Jain,Female,31,1995-07-15,+91 8091023593,policyholder10060@example.in,"10, MG Road",Delhi,Delhi,110001,Home,3513500.00,2026-01-12,2029-01-11,0,0.00,87000.00,Active
POL10061,Devika Menon,Male,64,1962-02-13,+91 9942807771,policyholder10061@example.in,"156, Lake View Road",Ahmedabad,Gujarat,380001,Health,1597000.00,2023-05-21,2027-09-11,2,574500.00,64900.00,Active
POL10062,Karan Bhat,Male,62,1964-05-14,+91 9350600558,policyholder10062@example.in,"95, Station Road",Chennai,Tamil Nadu,600001,Health,1218000.00,2022-02-05,2027-07-04,0,0.00,25700.00,Active
POL10063,Arjun Iyer,Male,33,1992-11-25,+91 8748857963,policyholder10063@example.in,"85, Lake View Road",Chennai,Tamil Nadu,600001,Health,1301500.00,2026-08-09,2029-08-08,0,0.00,44900.00,Active
POL10064,Manish Bhat,Male,71,1955-05-12,+91 9810702371,policyholder10064@example.in,"6, Park Street",Bengaluru,Karnataka,560001,Motor,592500.00,2022-12-13,2027-03-29,0,0.00,12700.00,Active
POL10065,Pranav Khan,Female,46,1980-05-20,+91 8941897523,policyholder10065@example.in,"134, MG Road",Mumbai,Maharashtra,400001,Travel,113500.00,2026-04-15,2027-04-15,0,0.00,2000.00,Lapsed
POL10066,Yash Saxena,Female,26,2000-03-13,+91 8522968678,policyholder10066@example.in,"63, MG Road",Delhi,Delhi,110001,Motor,690000.00,2025-04-18,2026-12-17,0,0.00,20300.00,Active
POL10067,Lakshmi Bhat,Male,41,1985-07-08,+91 7959407534,policyholder10067@example.in,"5, MG Road",Bengaluru,Karnataka,560001,Health,1877500.00,2024-01-04,2027-07-23,0,0.00,88100.00,Active
POL10068,Rohan Khan,Female,41,1985-06-24,+91 7372787612,policyholder10068@example.in,"82, Lake View Road",Kolkata,West Bengal,700001,Motor,296000.00,2022-08-26,2026-10-04,3,51000.00,4000.00,Active
POL10069,Sahil Iyer,Female,45,1981-03-10,+91 8376692121,policyholder10069@example.in,"9, Station Road",Chennai,Tamil Nadu,600001,Motor,974000.00,2024-02-10,2026-10-13,4,318500.00,41900.00,Active
POL10070,Sanjay Saxena,Female,26,2000-09-09,+91 7074154056,policyholder10070@example.in,"44, MG Road",Kolkata,West Bengal,700001,Health,2151000.00,2021-11-19,2026-11-15,2,538000.00,71600.00,Active
POL10071,Ananya Kulkarni,Female,19,2007-02-27,+91 8614953725,policyholder10071@example.in,"71, Lake View Road",Chennai,Tamil Nadu,600001,Motor,952000.00,2024-06-26,2026-10-01,1,223500.00,37200.00,Active
POL10072,Ananya Kulkarni,Male,50,1976-02-10,+91 8375573141,policyholder10072@example.in,"98, MG Road",Delhi,Delhi,110001,Home,1665000.00,2025-06-11,2028-06-10,0,0.00,53900.00,Active
POL10073,Farhan Singh,Female,34,1992-08-27,+91 9995058870,policyholder10073@example.in,"57, Park Street",Delhi,Delhi,110001,Motor,572000.00,2025-02-26,2027-07-12,3,246500.00,21100.00,Active
POL10074,Amrita Nair,Male,18,2008-05-13,+91 9599932338,policyholder10074@example.in,"179, Park Street",Delhi,Delhi,110001,Motor,122000.00,2024-07-13,2027-01-06,0,0.00,4000.00,Active
POL10075,Pranav Jain,Female,20,2006-07-31,+91 9643236763,policyholder10075@example.in,"86, MG Road",Bengaluru,Karnataka,560001,Motor,866500.00,2023-01-16,2027-07-22,3,310500.00,11200.00,Active
POL10076,Devika Shah,Female,38,1987-10-24,+91 7808201593,policyholder10076@example.in,"138, Station Road",Kolkata,West Bengal,700001,Health,1357000.00,2026-03-02,2028-03-01,2,259000.00,33400.00,Active
POL10077,Riya Patel,Female,75,1950-10-03,+91 8594134707,policyholder10077@example.in,"43, Lake View Road",Pune,Maharashtra,411001,Health,615000.00,2022-03-24,2027-06-23,0,0.00,27400.00,Active
POL10078,Rohan Deshmukh,Other,24,2002-04-29,+91 8598230072,policyholder10078@example.in,"18, Park Street",Hyderabad,Telangana,500001,Home,4656000.00,2024-09-06,2026-09-28,0,0.00,105900.00,Active
POL10079,Sanjay Malhotra,Male,47,1978-09-20,+91 8584835782,policyholder10079@example.in,"126, Station Road",Bengaluru,Karnataka,560001,Home,4464500.00,2025-06-07,2027-08-29,1,995000.00,189000.00,Active
POL10080,Ishaan Mishra,Other,24,2002-06-18,+91 7488554551,policyholder10080@example.in,"175, Park Street",Bengaluru,Karnataka,560001,Motor,881500.00,2023-12-08,2027-02-22,0,0.00,31300.00,Active
POL10081,Sneha Kulkarni,Male,21,2005-01-17,+91 8032572298,policyholder10081@example.in,"53, Park Street",Chennai,Tamil Nadu,600001,Health,1663000.00,2023-07-25,2026-12-11,0,0.00,23100.00,Active
POL10082,Neha Deshmukh,Male,66,1960-08-06,+91 8588263993,policyholder10082@example.in,"112, MG Road",Bengaluru,Karnataka,560001,Health,2449500.00,2026-05-01,2028-04-30,0,0.00,41600.00,Lapsed
POL10083,Deepak Mehta,Male,27,1998-10-18,+91 9549925404,policyholder10083@example.in,"77, Lake View Road",Chennai,Tamil Nadu,600001,Motor,645500.00,2025-07-07,2027-07-25,0,0.00,12800.00,Active
POL10084,Ishaan Verma,Male,52,1974-08-05,+91 9488439217,policyholder10084@example.in,"46, Station Road",Pune,Maharashtra,411001,Motor,793500.00,2025-06-24,2027-06-24,3,258500.00,35400.00,Active
POL10085,Aditya Patel,Male,53,1972-12-01,+91 8252739627,policyholder10085@example.in,"157, MG Road",Kolkata,West Bengal,700001,Health,2203500.00,2026-07-22,2029-07-21,1,348500.00,97700.00,Active
POL10086,Amrita Bhat,Female,33,1993-05-15,+91 9445373966,policyholder10086@example.in,"155, Station Road",Pune,Maharashtra,411001,Travel,306500.00,2023-03-27,2027-08-25,4,157000.00,13700.00,Active
POL10087,Jaya Shah,Female,48,1978-08-17,+91 8062436472,policyholder10087@example.in,"176, Lake View Road",Ahmedabad,Gujarat,380001,Motor,168500.00,2023-04-25,2026-12-02,1,15000.00,4700.00,Active
POL10088,Gaurav Chatterjee,Female,35,1991-07-23,+91 9397930149,policyholder10088@example.in,"130, Station Road",Pune,Maharashtra,411001,Health,2390000.00,2023-08-03,2027-08-27,0,0.00,85800.00,Active
POL10089,Nikhil Shah,Male,36,1990-02-23,+91 7114839905,policyholder10089@example.in,"166, MG Road",Chennai,Tamil Nadu,600001,Motor,622500.00,2024-02-27,2026-10-23,3,186000.00,15000.00,Active
POL10090,Ishaan Patel,Male,49,1976-09-29,+91 9396612792,policyholder10090@example.in,"151, Park Street",Kolkata,West Bengal,700001,Motor,735000.00,2022-09-05,2026-12-03,0,0.00,29600.00,Active
POL10091,Farhan Nair,Male,64,1962-02-14,+91 7376667923,policyholder10091@example.in,"136, Park Street",Hyderabad,Telangana,500001,Home,2703500.00,2025-04-14,2028-04-13,0,0.00,77000.00,Active
POL10092,Sanjay Patel,Male,21,2005-02-21,+91 9456755357,policyholder10092@example.in,"135, Park Street",Pune,Maharashtra,411001,Motor,759000.00,2023-04-28,2027-07-06,4,87000.00,20200.00,Active
POL10093,Gaurav Mehta,Female,43,1982-09-26,+91 9626805900,policyholder10093@example.in,"115, Park Street",Ahmedabad,Gujarat,380001,Health,1742500.00,2022-11-17,2026-10-23,0,0.00,38100.00,Active
POL10094,Yash Iyer,Male,22,2004-06-06,+91 9945582264,policyholder10094@example.in,"69, Station Road",Bengaluru,Karnataka,560001,Motor,336500.00,2024-04-20,2027-04-20,0,0.00,14300.00,Active
POL10095,Ishaan Patel,Female,25,2000-11-04,+91 8398688648,policyholder10095@example.in,"122, Park Street",Ahmedabad,Gujarat,380001,Health,2359500.00,2025-02-01,2027-08-14,2,767500.00,112800.00,Active
POL10096,Farhan Rao,Male,37,1989-02-06,+91 8768936139,policyholder10096@example.in,"32, MG Road",Kolkata,West Bengal,700001,Motor,509500.00,2023-08-13,2027-07-21,3,138000.00,13400.00,Active
POL10097,Aarav Sharma,Female,58,1968-02-29,+91 7945500595,policyholder10097@example.in,"21, Park Street",Chennai,Tamil Nadu,600001,Motor,682000.00,2022-06-10,2027-04-26,1,182000.00,12200.00,Active
POL10098,Aarav Khan,Male,52,1974-07-03,+91 9061472249,policyholder10098@example.in,"164, MG Road",Ahmedabad,Gujarat,380001,Health,1037000.00,2023-12-24,2027-07-12,0,0.00,47200.00,Active
POL10099,Shreya Kapoor,Male,60,1966-03-05,+91 8568795714,policyholder10099@example.in,"6, Park Street",Pune,Maharashtra,411001,Motor,127500.00,2024-05-01,2027-05-01,0,0.00,4200.00,Active
POL10100,Yash Mishra,Female,43,1983-06-28,+91 8634451872,policyholder10100@example.in,"27, Park Street",Hyderabad,Telangana,500001,Motor,418500.00,2026-03-25,2027-08-13,0,0.00,5500.00,Active
POL10101,Meera Deshmukh,Female,33,1993-04-14,+91 9469293932,policyholder10101@example.in,"30, Station Road",Mumbai,Maharashtra,400001,Motor,365500.00,2023-06-20,2027-02-06,0,0.00,9200.00,Active
POL10102,Aditi Saxena,Female,63,1962-12-05,+91 7061874893,policyholder10102@example.in,"35, Park Street",Delhi,Delhi,110001,Motor,862000.00,2022-10-15,2026-09-23,0,0.00,22300.00,Active
POL10103,Vikram Saxena,Male,19,2006-12-16,+91 8816198586,policyholder10103@example.in,"130, Park Street",Bengaluru,Karnataka,560001,Health,2428500.00,2024-11-28,2027-06-28,2,751000.00,62400.00,Active
POL10104,Sneha Mehta,Male,21,2005-07-02,+91 8469436279,policyholder10104@example.in,"4, Station Road",Hyderabad,Telangana,500001,Health,1197000.00,2023-10-25,2026-11-04,0,0.00,14400.00,Active
POL10105,Riya Jain,Female,34,1992-03-23,+91 7932071425,policyholder10105@example.in,"14, MG Road",Ahmedabad,Gujarat,380001,Health,1397500.00,2025-02-07,2027-02-07,0,0.00,61500.00,Cancelled
POL10106,Nikhil Chatterjee,Male,51,1975-04-11,+91 7024418666,policyholder10106@example.in,"159, Lake View Road",Ahmedabad,Gujarat,380001,Health,769500.00,2025-08-21,2027-08-21,1,174000.00,11000.00,Active
POL10107,Karan Bhat,Female,33,1993-08-06,+91 7279006880,policyholder10107@example.in,"78, MG Road",Kolkata,West Bengal,700001,Health,822000.00,2023-05-02,2026-10-29,0,0.00,29700.00,Active
POL10108,Meera Malhotra,Female,54,1972-08-13,+91 7059287555,policyholder10108@example.in,"59, Lake View Road",Chennai,Tamil Nadu,600001,Health,1054500.00,2023-06-11,2026-12-10,0,0.00,17200.00,Active
POL10109,Rohan Shetty,Male,73,1952-11-27,+91 7010509115,policyholder10109@example.in,"119, Station Road",Delhi,Delhi,110001,Health,337500.00,2024-08-16,2027-01-12,0,0.00,13400.00,Active
POL10110,Shreya Sharma,Male,46,1979-10-12,+91 7079975520,policyholder10110@example.in,"70, Lake View Road",Kolkata,West Bengal,700001,Motor,784500.00,2025-06-11,2027-06-11,1,173500.00,36100.00,Active
POL10111,Yash Shetty,Male,40,1986-04-16,+91 7115859940,policyholder10111@example.in,"24, Lake View Road",Bengaluru,Karnataka,560001,Motor,929000.00,2024-06-09,2027-01-05,0,0.00,43800.00,Active
POL10112,Aarav Khan,Male,39,1987-04-12,+91 8131128628,policyholder10112@example.in,"133, Station Road",Delhi,Delhi,110001,Motor,434500.00,2022-01-04,2027-09-01,1,101500.00,15200.00,Active
POL10113,Deepak Shetty,Female,30,1995-12-25,+91 9956958035,policyholder10113@example.in,"79, Lake View Road",Chennai,Tamil Nadu,600001,Motor,708000.00,2022-07-16,2027-05-27,0,0.00,20400.00,Active
POL10114,Ananya Malhotra,Female,28,1998-06-12,+91 9195426236,policyholder10114@example.in,"4, Lake View Road",Mumbai,Maharashtra,400001,Health,1297500.00,2024-01-02,2026-10-14,0,0.00,27700.00,Active
POL10115,Rohan Bhat,Male,29,1997-08-04,+91 8953678366,policyholder10115@example.in,"18, MG Road",Bengaluru,Karnataka,560001,Motor,783000.00,2025-07-28,2026-11-03,0,0.00,29600.00,Active
POL10116,Arun Khan,Female,41,1984-11-04,+91 7047612917,policyholder10116@example.in,"136, Lake View Road",Chennai,Tamil Nadu,600001,Motor,158500.00,2022-08-26,2024-08-25,0,0.00,7000.00,Lapsed
POL10117,Isha Pillai,Male,34,1992-03-20,+91 7788835802,policyholder10117@example.in,"146, Station Road",Hyderabad,Telangana,500001,Health,2147500.00,2023-11-12,2027-07-30,3,630000.00,69400.00,Active
POL10118,Akash Shah,Female,40,1986-03-01,+91 7610278912,policyholder10118@example.in,"126, Park Street",Mumbai,Maharashtra,400001,Motor,749500.00,2025-10-12,2027-10-12,0,0.00,22200.00,Active
POL10119,Manish Chatterjee,Female,45,1981-02-06,+91 9312698449,policyholder10119@example.in,"174, MG Road",Kolkata,West Bengal,700001,Home,4392500.00,2024-07-23,2027-07-23,3,726500.00,112000.00,Lapsed
POL10120,Farhan Malhotra,Female,71,1955-03-15,+91 8327356679,policyholder10120@example.in,"72, MG Road",Pune,Maharashtra,411001,Health,432500.00,2022-02-17,2026-10-07,0,0.00,6200.00,Active
POL10121,Zoya Singh,Male,61,1965-09-16,+91 8722480421,policyholder10121@example.in,"86, Lake View Road",Bengaluru,Karnataka,560001,Motor,796000.00,2024-06-06,2026-06-06,0,0.00,26700.00,Lapsed
POL10122,Rohan Shah,Male,31,1995-09-05,+91 9565291458,policyholder10122@example.in,"3, Park Street",Chennai,Tamil Nadu,600001,Health,1891500.00,2022-05-28,2027-05-18,0,0.00,82200.00,Active
POL10123,Ishaan Rao,Female,20,2005-09-20,+91 8173288671,policyholder10123@example.in,"20, Station Road",Ahmedabad,Gujarat,380001,Health,324500.00,2025-05-17,2028-05-16,2,81500.00,6300.00,Active
POL10124,Arun Kapoor,Male,55,1970-12-23,+91 8333034975,policyholder10124@example.in,"26, Park Street",Ahmedabad,Gujarat,380001,Health,2027500.00,2023-08-10,2026-11-08,3,932000.00,49200.00,Active
POL10125,Manish Singh,Male,41,1985-03-01,+91 8384187004,policyholder10125@example.in,"26, Station Road",Hyderabad,Telangana,500001,Health,555000.00,2024-12-25,2027-03-10,4,55000.00,7400.00,Active
POL10126,Meera Reddy,Female,45,1981-06-29,+91 7890682835,policyholder10126@example.in,"150, Park Street",Kolkata,West Bengal,700001,Motor,479000.00,2022-12-13,2027-05-09,0,0.00,13900.00,Active
POL10127,Zoya Pillai,Female,34,1992-09-11,+91 7023242472,policyholder10127@example.in,"97, MG Road",Delhi,Delhi,110001,Motor,460000.00,2025-10-06,2027-10-06,0,0.00,10900.00,Active
POL10128,Shreya Sharma,Male,60,1966-02-20,+91 7008600199,policyholder10128@example.in,"162, Park Street",Chennai,Tamil Nadu,600001,Home,2763500.00,2023-07-06,2027-06-03,0,0.00,80900.00,Active
POL10129,Arun Menon,Female,51,1975-02-08,+91 9656491073,policyholder10129@example.in,"101, Park Street",Chennai,Tamil Nadu,600001,Health,916000.00,2022-09-25,2023-09-25,0,0.00,43200.00,Lapsed
POL10130,Arjun Rao,Male,36,1990-07-11,+91 9996373546,policyholder10130@example.in,"25, Station Road",Bengaluru,Karnataka,560001,Health,263000.00,2025-01-23,2027-05-01,1,25500.00,7900.00,Active
POL10131,Pooja Malhotra,Male,42,1983-12-22,+91 8488433055,policyholder10131@example.in,"126, Park Street",Pune,Maharashtra,411001,Motor,643500.00,2025-03-14,2026-11-23,3,156000.00,18100.00,Active
POL10132,Zoya Shah,Female,43,1982-10-08,+91 7672427607,policyholder10132@example.in,"142, MG Road",Kolkata,West Bengal,700001,Health,764000.00,2025-10-07,2027-01-26,4,442000.00,27700.00,Active
POL10133,Vikram Chatterjee,Female,35,1991-06-13,+91 9651427627,policyholder10133@example.in,"5, MG Road",Pune,Maharashtra,411001,Motor,881000.00,2024-10-14,2027-10-14,0,0.00,28500.00,Active
POL10134,Varun Pillai,Female,63,1963-08-16,+91 8488384329,policyholder10134@example.in,"115, Lake View Road",Chennai,Tamil Nadu,600001,Motor,754000.00,2022-03-15,2027-06-25,0,0.00,24700.00,Active
POL10135,Pooja Rao,Female,28,1997-10-31,+91 8789300969,policyholder10135@example.in,"86, Station Road",Mumbai,Maharashtra,400001,Health,404500.00,2023-03-29,2026-03-28,0,0.00,6700.00,Cancelled
POL10136,Arjun Shetty,Female,23,2003-05-04,+91 7286100055,policyholder10136@example.in,"80, Station Road",Bengaluru,Karnataka,560001,Travel,318500.00,2023-04-04,2027-02-02,0,0.00,13900.00,Active
POL10137,Bhavna Khan,Male,38,1987-11-28,+91 7764345220,policyholder10137@example.in,"123, Park Street",Mumbai,Maharashtra,400001,Motor,222500.00,2023-01-18,2026-09-28,0,0.00,8300.00,Active
POL10138,Jaya Patel,Male,50,1976-06-10,+91 9785228501,policyholder10138@example.in,"132, Lake View Road",Bengaluru,Karnataka,560001,Motor,205500.00,2025-01-15,2027-01-24,0,0.00,4800.00,Active
POL10139,Sneha Reddy,Male,53,1973-05-30,+91 9740482587,policyholder10139@example.in,"106, Lake View Road",Ahmedabad,Gujarat,380001,Home,2779500.00,2025-08-12,2026-11-15,0,0.00,88300.00,Active
POL10140,Chaitanya Singh,Male,38,1988-01-19,+91 9647140225,policyholder10140@example.in,"113, Station Road",Delhi,Delhi,110001,Home,2704500.00,2024-10-08,2026-10-08,0,0.00,102600.00,Lapsed
POL10141,Nikhil Iyer,Male,70,1956-08-24,+91 7137830449,policyholder10141@example.in,"56, Park Street",Ahmedabad,Gujarat,380001,Motor,601000.00,2022-07-04,2027-02-26,3,292000.00,14200.00,Active
POL10142,Varun Verma,Male,46,1980-08-19,+91 7157765743,policyholder10142@example.in,"180, Park Street",Chennai,Tamil Nadu,600001,Motor,266000.00,2022-01-27,2024-01-27,3,63000.00,9900.00,Lapsed
POL10143,Karan Kulkarni,Female,75,1950-11-10,+91 9073498982,policyholder10143@example.in,"20, Station Road",Pune,Maharashtra,411001,Health,618000.00,2025-12-11,2027-06-20,0,0.00,18700.00,Active
POL10144,Manish Khan,Female,69,1957-08-06,+91 9472499156,policyholder10144@example.in,"1, Park Street",Mumbai,Maharashtra,400001,Motor,866500.00,2024-11-27,2027-11-27,1,109500.00,26300.00,Active
POL10145,Ishaan Iyer,Other,31,1995-01-07,+91 8699201188,policyholder10145@example.in,"39, MG Road",Ahmedabad,Gujarat,380001,Motor,406000.00,2024-08-29,2027-08-31,0,0.00,5200.00,Active
POL10146,Mohan Nair,Female,49,1977-06-04,+91 8797351661,policyholder10146@example.in,"171, MG Road",Pune,Maharashtra,411001,Home,2200000.00,2024-05-12,2027-07-02,0,0.00,76300.00,Active
POL10147,Karan Nair,Female,22,2004-01-16,+91 7781517501,policyholder10147@example.in,"89, Station Road",Chennai,Tamil Nadu,600001,Health,1830500.00,2025-10-11,2027-03-10,0,0.00,80900.00,Active
POL10148,Aditya Malhotra,Female,72,1953-10-19,+91 7531755429,policyholder10148@example.in,"65, Park Street",Mumbai,Maharashtra,400001,Home,3654500.00,2022-04-06,2023-04-06,0,0.00,134200.00,Lapsed
POL10149,Arjun Kulkarni,Female,74,1952-02-18,+91 8585451453,policyholder10149@example.in,"98, MG Road",Pune,Maharashtra,411001,Health,809000.00,2024-04-09,2027-04-09,3,67500.00,25500.00,Cancelled
POL10150,Zoya Reddy,Female,32,1994-08-15,+91 9767475083,policyholder10150@example.in,"33, Lake View Road",Chennai,Tamil Nadu,600001,Health,1234500.00,2025-11-11,2027-11-11,2,267500.00,35300.00,Active
POL10151,Sanjay Mehta,Female,30,1996-02-12,+91 8425097537,policyholder10151@example.in,"158, Lake View Road",Mumbai,Maharashtra,400001,Health,1284000.00,2024-03-21,2026-12-26,0,0.00,45900.00,Active
POL10152,Sneha Jain,Female,36,1990-04-13,+91 9941918933,policyholder10152@example.in,"150, Station Road",Bengaluru,Karnataka,560001,Health,1055500.00,2023-02-19,2027-03-24,3,108000.00,13500.00,Active
POL10153,Jaya Pillai,Male,55,1970-10-19,+91 7595743331,policyholder10153@example.in,"1, MG Road",Chennai,Tamil Nadu,600001,Motor,863000.00,2026-02-12,2028-02-12,0,0.00,34400.00,Lapsed
POL10154,Arun Nair,Female,73,1952-10-05,+91 9890620546,policyholder10154@example.in,"17, Park Street",Delhi,Delhi,110001,Motor,936000.00,2023-07-11,2027-07-29,0,0.00,30100.00,Active
POL10155,Sahil Malhotra,Female,49,1977-06-21,+91 7872446470,policyholder10155@example.in,"19, Park Street",Bengaluru,Karnataka,560001,Home,1983500.00,2024-03-11,2027-08-12,0,0.00,83400.00,Active
POL10156,Sanjay Mehta,Female,34,1991-11-09,+91 7520477532,policyholder10156@example.in,"138, Station Road",Bengaluru,Karnataka,560001,Health,1249500.00,2022-02-05,2026-11-29,0,0.00,58000.00,Active
POL10157,Bhavna Singh,Male,18,2008-06-18,+91 8188461324,policyholder10157@example.in,"48, Station Road",Bengaluru,Karnataka,560001,Motor,443000.00,2025-04-16,2027-06-18,0,0.00,6000.00,Active
POL10158,Chaitanya Shetty,Male,51,1975-01-30,+91 9619484628,policyholder10158@example.in,"56, Station Road",Hyderabad,Telangana,500001,Motor,252500.00,2023-04-24,2027-04-03,0,0.00,4400.00,Active
POL10159,Manish Srinivasan,Male,36,1990-09-17,+91 9530974348,policyholder10159@example.in,"175, Lake View Road",Mumbai,Maharashtra,400001,Health,1494500.00,2023-06-23,2027-01-04,0,0.00,35600.00,Active
POL10160,Amrita Reddy,Male,29,1996-10-22,+91 8326259557,policyholder10160@example.in,"117, Lake View Road",Pune,Maharashtra,411001,Motor,848500.00,2025-03-23,2027-04-22,0,0.00,13300.00,Active
POL10161,Rahul Bhat,Male,48,1978-03-18,+91 8410564939,policyholder10161@example.in,"2, Station Road",Mumbai,Maharashtra,400001,Motor,366500.00,2023-09-09,2027-01-11,0,0.00,17200.00,Active
POL10162,Riya Deshmukh,Male,40,1985-10-02,+91 8186903156,policyholder10162@example.in,"30, MG Road",Chennai,Tamil Nadu,600001,Health,1999000.00,2025-06-16,2027-06-16,0,0.00,47200.00,Active
POL10163,Deepak Jain,Female,53,1972-11-16,+91 7322024207,policyholder10163@example.in,"88, Park Street",Ahmedabad,Gujarat,380001,Motor,567000.00,2024-05-13,2027-09-18,0,0.00,11800.00,Active
POL10164,Bhavna Sharma,Female,30,1995-12-18,+91 7347095485,policyholder10164@example.in,"107, Lake View Road",Kolkata,West Bengal,700001,Health,924000.00,2023-12-06,2027-05-13,3,189500.00,41300.00,Active
POL10165,Deepak Reddy,Female,50,1976-09-05,+91 7710562757,policyholder10165@example.in,"116, Park Street",Chennai,Tamil Nadu,600001,Motor,822500.00,2026-07-26,2028-07-25,0,0.00,23500.00,Lapsed
POL10166,Pranav Rao,Male,25,2001-06-10,+91 8394991685,policyholder10166@example.in,"154, MG Road",Bengaluru,Karnataka,560001,Health,1596500.00,2024-02-05,2027-07-16,4,260500.00,24500.00,Active
POL10167,Nikhil Mishra,Male,40,1986-03-21,+91 8206424816,policyholder10167@example.in,"130, Park Street",Pune,Maharashtra,411001,Home,4047500.00,2026-07-21,2027-07-21,0,0.00,192000.00,Active
POL10168,Pranav Shah,Female,25,2000-11-03,+91 9172632286,policyholder10168@example.in,"106, MG Road",Mumbai,Maharashtra,400001,Motor,577500.00,2026-07-28,2028-07-27,0,0.00,15600.00,Active
POL10169,Aarav Jain,Male,42,1984-08-23,+91 9434663141,policyholder10169@example.in,"86, Station Road",Bengaluru,Karnataka,560001,Motor,718000.00,2024-08-02,2026-10-19,4,403000.00,13100.00,Active
POL10170,Vikram Menon,Female,22,2004-09-02,+91 7549984156,policyholder10170@example.in,"174, Lake View Road",Ahmedabad,Gujarat,380001,Health,2011000.00,2025-02-18,2027-03-29,1,260500.00,34400.00,Active
POL10171,Lakshmi Shah,Male,30,1996-05-25,+91 9552420191,policyholder10171@example.in,"155, Lake View Road",Pune,Maharashtra,411001,Motor,647000.00,2024-10-17,2027-04-26,0,0.00,26500.00,Active
POL10172,Jaya Nair,Male,64,1961-10-13,+91 8043981855,policyholder10172@example.in,"13, MG Road",Hyderabad,Telangana,500001,Motor,934500.00,2024-12-07,2027-03-31,0,0.00,36300.00,Active
POL10173,Meera Menon,Male,50,1975-12-25,+91 7286879228,policyholder10173@example.in,"31, MG Road",Ahmedabad,Gujarat,380001,Health,285500.00,2023-09-03,2026-12-02,0,0.00,11300.00,Active
POL10174,Devika Nair,Male,42,1984-03-22,+91 8247427603,policyholder10174@example.in,"45, Station Road",Kolkata,West Bengal,700001,Health,2322000.00,2023-06-20,2026-06-19,0,0.00,40600.00,Lapsed
POL10175,Neha Pillai,Male,48,1977-12-12,+91 9960700356,policyholder10175@example.in,"74, Park Street",Mumbai,Maharashtra,400001,Home,1314500.00,2023-03-31,2027-02-18,3,439000.00,22900.00,Active
POL10176,Sanjay Patel,Female,35,1991-05-05,+91 7122014436,policyholder10176@example.in,"77, MG Road",Delhi,Delhi,110001,Health,1147000.00,2023-12-17,2027-07-25,0,0.00,25100.00,Active
POL10177,Aditya Sharma,Female,41,1985-06-13,+91 9404802924,policyholder10177@example.in,"141, Lake View Road",Pune,Maharashtra,411001,Health,1394000.00,2024-04-21,2026-11-15,3,518000.00,57800.00,Active
POL10178,Chaitanya Nair,Male,60,1966-04-05,+91 7771632150,policyholder10178@example.in,"66, Lake View Road",Pune,Maharashtra,411001,Home,1516500.00,2023-09-24,2027-05-08,0,0.00,67600.00,Active
POL10179,Sanjay Reddy,Female,30,1995-12-04,+91 7100531190,policyholder10179@example.in,"5, Station Road",Mumbai,Maharashtra,400001,Travel,363500.00,2022-10-22,2023-10-22,1,79000.00,6500.00,Lapsed
POL10180,Pooja Bhat,Male,43,1983-07-16,+91 9187206728,policyholder10180@example.in,"27, MG Road",Pune,Maharashtra,411001,Health,1059000.00,2023-12-14,2027-08-08,4,349000.00,24100.00,Active
POL10181,Sanjay Shah,Male,49,1977-02-13,+91 8219367653,policyholder10181@example.in,"18, Lake View Road",Bengaluru,Karnataka,560001,Home,2159000.00,2024-05-18,2027-03-21,0,0.00,96200.00,Active
POL10182,Amrita Patel,Female,39,1986-12-19,+91 8578580386,policyholder10182@example.in,"55, Station Road",Bengaluru,Karnataka,560001,Motor,629000.00,2025-12-12,2026-12-12,0,0.00,23500.00,Active
POL10183,Sneha Shetty,Male,29,1997-03-26,+91 9570056486,policyholder10183@example.in,"55, MG Road",Bengaluru,Karnataka,560001,Home,3834500.00,2024-12-21,2027-03-11,0,0.00,95400.00,Active
POL10184,Ishaan Verma,Male,46,1980-08-24,+91 9319565339,policyholder10184@example.in,"108, Lake View Road",Pune,Maharashtra,411001,Health,1169000.00,2023-10-22,2027-03-04,1,110000.00,47200.00,Active
POL10185,Aarav Verma,Female,44,1982-02-11,+91 9544018558,policyholder10185@example.in,"160, Station Road",Mumbai,Maharashtra,400001,Home,1660500.00,2024-12-04,2026-12-04,0,0.00,49500.00,Lapsed
POL10186,Arjun Singh,Female,21,2005-03-13,+91 7535206171,policyholder10186@example.in,"50, Station Road",Chennai,Tamil Nadu,600001,Health,2073500.00,2026-02-19,2028-02-19,0,0.00,58300.00,Active
POL10187,Bhavna Nair,Female,60,1966-09-14,+91 9842360556,policyholder10187@example.in,"136, Park Street",Ahmedabad,Gujarat,380001,Motor,209500.00,2022-08-03,2027-05-05,3,57500.00,10100.00,Active
POL10188,Deepak Saxena,Male,55,1971-01-13,+91 7098223734,policyholder10188@example.in,"96, Lake View Road",Ahmedabad,Gujarat,380001,Health,2147000.00,2026-08-10,2027-08-10,0,0.00,30500.00,Active
POL10189,Sneha Iyer,Female,51,1974-12-30,+91 9811984256,policyholder10189@example.in,"92, Park Street",Mumbai,Maharashtra,400001,Home,3456000.00,2023-10-20,2027-06-22,0,0.00,117000.00,Active
POL10190,Pooja Jain,Male,42,1984-06-09,+91 9431895054,policyholder10190@example.in,"53, MG Road",Hyderabad,Telangana,500001,Motor,779000.00,2023-03-19,2027-05-24,0,0.00,14500.00,Active
POL10191,Shreya Nair,Male,38,1988-04-20,+91 9789104709,policyholder10191@example.in,"95, Lake View Road",Mumbai,Maharashtra,400001,Motor,793500.00,2022-01-31,2027-06-18,0,0.00,23500.00,Active
POL10192,Vikram Verma,Male,23,2003-03-29,+91 7565863497,policyholder10192@example.in,"26, Lake View Road",Delhi,Delhi,110001,Health,806000.00,2024-10-19,2026-10-19,0,0.00,18300.00,Active
POL10193,Sahil Shah,Female,35,1990-11-21,+91 8182397076,policyholder10193@example.in,"161, MG Road",Kolkata,West Bengal,700001,Health,370000.00,2022-04-06,2023-04-06,0,0.00,11500.00,Lapsed
POL10194,Arun Malhotra,Male,22,2004-05-30,+91 8435291216,policyholder10194@example.in,"139, MG Road",Chennai,Tamil Nadu,600001,Motor,947000.00,2025-03-22,2027-07-01,0,0.00,33300.00,Active
POL10195,Diya Khan,Male,64,1962-03-13,+91 9751846516,policyholder10195@example.in,"68, Lake View Road",Delhi,Delhi,110001,Motor,976500.00,2024-01-29,2027-07-08,0,0.00,27800.00,Active
POL10196,Varun Kapoor,Male,43,1983-04-28,+91 8713804526,policyholder10196@example.in,"16, Station Road",Mumbai,Maharashtra,400001,Health,2498000.00,2025-08-03,2028-08-02,3,827500.00,89300.00,Active
POL10197,Tanvi Khan,Female,19,2007-04-28,+91 9706177083,policyholder10197@example.in,"176, Station Road",Delhi,Delhi,110001,Health,2086000.00,2023-10-10,2026-12-28,0,0.00,57200.00,Active
POL10198,Aditya Mehta,Male,38,1988-05-24,+91 8771720472,policyholder10198@example.in,"39, Park Street",Kolkata,West Bengal,700001,Health,2318500.00,2023-07-28,2027-06-12,0,0.00,91900.00,Active
POL10199,Kavya Mishra,Male,41,1985-06-19,+91 7438011547,policyholder10199@example.in,"95, Lake View Road",Pune,Maharashtra,411001,Motor,538000.00,2026-03-27,2028-03-26,1,125500.00,14100.00,Active
POL10200,Gaurav Pillai,Female,38,1988-04-15,+91 7050178331,policyholder10200@example.in,"156, Lake View Road",Ahmedabad,Gujarat,380001,Motor,199000.00,2023-07-13,2026-12-04,0,0.00,7100.00,Active
POL10201,Bhavna Bhat,Female,54,1972-01-08,+91 8890874701,policyholder10201@example.in,"165, Park Street",Pune,Maharashtra,411001,Health,704000.00,2024-10-09,2027-10-09,0,0.00,19600.00,Active
POL10202,Arjun Kapoor,Female,37,1989-04-21,+91 8948315863,policyholder10202@example.in,"162, Station Road",Chennai,Tamil Nadu,600001,Motor,694500.00,2024-04-27,2027-03-26,1,127000.00,31400.00,Active
POL10203,Tanvi Verma,Female,39,1987-05-14,+91 8611725280,policyholder10203@example.in,"60, Lake View Road",Pune,Maharashtra,411001,Health,315500.00,2022-03-12,2026-11-01,0,0.00,5000.00,Active
POL10204,Devika Shetty,Female,33,1993-03-30,+91 7130294560,policyholder10204@example.in,"139, Lake View Road",Mumbai,Maharashtra,400001,Motor,683500.00,2023-05-15,2024-05-14,2,258000.00,8800.00,Cancelled
POL10205,Deepak Malhotra,Female,42,1983-09-28,+91 9798186522,policyholder10205@example.in,"4, Station Road",Kolkata,West Bengal,700001,Travel,348000.00,2025-08-08,2028-08-07,0,0.00,7600.00,Active
POL10206,Mohan Saxena,Male,30,1996-02-14,+91 9253669146,policyholder10206@example.in,"64, Lake View Road",Delhi,Delhi,110001,Health,988000.00,2026-05-06,2028-05-05,0,0.00,21300.00,Active
POL10207,Diya Pillai,Male,49,1977-09-01,+91 9172856581,policyholder10207@example.in,"122, Lake View Road",Kolkata,West Bengal,700001,Motor,967000.00,2023-08-06,2027-02-05,0,0.00,19800.00,Active
POL10208,Devika Srinivasan,Female,50,1975-09-20,+91 7761624507,policyholder10208@example.in,"26, Park Street",Hyderabad,Telangana,500001,Travel,201000.00,2025-01-11,2028-01-11,0,0.00,5600.00,Lapsed
POL10209,Sahil Malhotra,Male,31,1995-07-06,+91 8667611217,policyholder10209@example.in,"75, MG Road",Ahmedabad,Gujarat,380001,Health,1715000.00,2024-07-28,2026-12-17,0,0.00,59600.00,Active
POL10210,Devika Chatterjee,Female,36,1990-05-26,+91 7908212020,policyholder10210@example.in,"24, Station Road",Hyderabad,Telangana,500001,Health,923500.00,2024-06-29,2027-06-29,2,97000.00,43500.00,Lapsed
POL10211,Neha Bhat,Male,44,1982-06-01,+91 7799993588,policyholder10211@example.in,"58, Station Road",Ahmedabad,Gujarat,380001,Home,1979500.00,2022-05-02,2027-03-10,1,439000.00,59000.00,Active
POL10212,Karan Kulkarni,Female,47,1978-11-17,+91 7637188774,policyholder10212@example.in,"116, Lake View Road",Ahmedabad,Gujarat,380001,Health,1645000.00,2022-09-23,2027-06-15,0,0.00,59400.00,Active
POL10213,Chaitanya Shetty,Male,58,1968-08-24,+91 7177990154,policyholder10213@example.in,"9, MG Road",Hyderabad,Telangana,500001,Health,2259500.00,2023-05-05,2024-05-04,0,0.00,33200.00,Lapsed
POL10214,Vikram Mehta,Female,65,1960-10-09,+91 9736287484,policyholder10214@example.in,"24, MG Road",Ahmedabad,Gujarat,380001,Travel,372500.00,2022-02-14,2027-02-16,0,0.00,7500.00,Active
POL10215,Diya Menon,Male,37,1989-01-19,+91 9633875568,policyholder10215@example.in,"150, Park Street",Delhi,Delhi,110001,Home,4084500.00,2022-05-25,2023-05-25,0,0.00,81200.00,Lapsed
POL10216,Nikhil Deshmukh,Female,37,1988-10-04,+91 7123416073,policyholder10216@example.in,"72, MG Road",Kolkata,West Bengal,700001,Motor,403500.00,2025-07-23,2026-10-06,0,0.00,5400.00,Active
POL10217,Aditya Mishra,Male,49,1976-10-23,+91 7375530816,policyholder10217@example.in,"44, Park Street",Ahmedabad,Gujarat,380001,Motor,196500.00,2023-04-23,2027-08-15,4,92500.00,4900.00,Active
POL10218,Devika Iyer,Female,44,1981-11-23,+91 9297954165,policyholder10218@example.in,"159, MG Road",Kolkata,West Bengal,700001,Health,1120000.00,2025-09-25,2027-09-25,0,0.00,36500.00,Active
POL10219,Ishaan Chatterjee,Female,35,1990-11-05,+91 8584775072,policyholder10219@example.in,"11, Station Road",Ahmedabad,Gujarat,380001,Health,1687000.00,2022-03-23,2027-08-07,0,0.00,57900.00,Active
POL10220,Aditi Pillai,Male,32,1994-06-24,+91 8154273714,policyholder10220@example.in,"52, Lake View Road",Ahmedabad,Gujarat,380001,Health,1856000.00,2023-09-19,2027-08-25,0,0.00,45000.00,Active
POL10221,Pooja Kapoor,Female,30,1996-08-10,+91 9932041735,policyholder10221@example.in,"87, Lake View Road",Kolkata,West Bengal,700001,Motor,935500.00,2026-06-21,2028-06-20,0,0.00,32400.00,Active
POL10222,Sahil Rao,Male,26,2000-07-06,+91 8438133808,policyholder10222@example.in,"99, Station Road",Hyderabad,Telangana,500001,Travel,479000.00,2023-08-02,2027-03-03,2,78500.00,6400.00,Active
POL10223,Arjun Malhotra,Male,55,1970-10-28,+91 9772600237,policyholder10223@example.in,"179, MG Road",Pune,Maharashtra,411001,Health,428000.00,2023-11-21,2027-07-22,0,0.00,19200.00,Active
POL10224,Vikram Shetty,Male,67,1959-01-05,+91 8868426758,policyholder10224@example.in,"27, MG Road",Hyderabad,Telangana,500001,Health,966500.00,2026-01-29,2027-01-29,4,513000.00,12000.00,Active
POL10225,Riya Shetty,Female,44,1981-10-29,+91 7119064027,policyholder10225@example.in,"76, MG Road",Hyderabad,Telangana,500001,Travel,408500.00,2023-08-19,2027-01-17,0,0.00,9000.00,Active
POL10226,Amrita Singh,Male,29,1997-04-09,+91 8327600666,policyholder10226@example.in,"132, Lake View Road",Ahmedabad,Gujarat,380001,Home,3947500.00,2025-06-04,2028-06-03,0,0.00,120900.00,Active
POL10227,Ananya Deshmukh,Female,54,1972-02-04,+91 7058306045,policyholder10227@example.in,"131, Park Street",Hyderabad,Telangana,500001,Motor,161500.00,2025-12-02,2027-12-02,0,0.00,2600.00,Cancelled
POL10228,Vikram Mishra,Male,33,1993-06-10,+91 7736835344,policyholder10228@example.in,"85, Lake View Road",Mumbai,Maharashtra,400001,Health,2214000.00,2025-04-20,2028-04-19,5,1101000.00,31400.00,Active
POL10229,Sanjay Menon,Male,37,1989-07-13,+91 8719870283,policyholder10229@example.in,"81, Lake View Road",Delhi,Delhi,110001,Travel,99000.00,2024-08-08,2027-08-08,0,0.00,2800.00,Active
POL10230,Pooja Shah,Male,47,1979-01-15,+91 7673957044,policyholder10230@example.in,"48, Station Road",Bengaluru,Karnataka,560001,Home,2045000.00,2026-04-18,2028-04-17,0,0.00,46900.00,Active
POL10231,Sanjay Saxena,Male,53,1973-03-27,+91 8006654411,policyholder10231@example.in,"93, Park Street",Ahmedabad,Gujarat,380001,Health,1040000.00,2022-05-08,2026-11-28,0,0.00,36600.00,Active
POL10232,Shreya Iyer,Female,47,1979-04-01,+91 9442727622,policyholder10232@example.in,"32, Station Road",Delhi,Delhi,110001,Health,846000.00,2023-09-23,2027-05-19,0,0.00,17100.00,Active
POL10233,Tanvi Patel,Female,73,1953-06-09,+91 8073719183,policyholder10233@example.in,"147, MG Road",Bengaluru,Karnataka,560001,Health,538500.00,2023-02-20,2024-02-20,0,0.00,8900.00,Lapsed
POL10234,Pooja Bhat,Male,33,1992-10-07,+91 9318444210,policyholder10234@example.in,"159, MG Road",Ahmedabad,Gujarat,380001,Motor,146500.00,2024-01-11,2027-08-02,1,12000.00,3700.00,Active
POL10235,Akash Mehta,Male,44,1981-10-28,+91 7286371377,policyholder10235@example.in,"175, Park Street",Hyderabad,Telangana,500001,Health,1979000.00,2026-01-20,2029-01-19,0,0.00,79100.00,Active
POL10236,Pooja Pillai,Male,40,1986-02-24,+91 8121760232,policyholder10236@example.in,"144, Park Street",Pune,Maharashtra,411001,Home,4352000.00,2023-10-06,2027-05-06,0,0.00,189100.00,Active
POL10237,Arjun Pillai,Male,69,1956-12-22,+91 8575969200,policyholder10237@example.in,"109, MG Road",Pune,Maharashtra,411001,Motor,890000.00,2025-01-12,2026-10-18,0,0.00,28900.00,Active
POL10238,Jaya Shetty,Male,49,1977-03-12,+91 7280176578,policyholder10238@example.in,"55, Park Street",Hyderabad,Telangana,500001,Motor,727000.00,2022-12-10,2027-04-20,3,99000.00,16000.00,Active
POL10239,Chaitanya Sharma,Female,23,2003-08-13,+91 9825817132,policyholder10239@example.in,"157, Station Road",Pune,Maharashtra,411001,Motor,979500.00,2022-12-24,2024-12-23,0,0.00,44400.00,Lapsed
POL10240,Pooja Rao,Male,44,1981-09-26,+91 8124711697,policyholder10240@example.in,"157, Station Road",Delhi,Delhi,110001,Motor,949000.00,2023-03-23,2027-01-06,0,0.00,36300.00,Active
POL10241,Bhavna Mishra,Male,54,1971-12-08,+91 8582283623,policyholder10241@example.in,"142, Park Street",Bengaluru,Karnataka,560001,Motor,613500.00,2023-06-11,2027-03-19,2,65500.00,11600.00,Active
POL10242,Riya Shetty,Male,52,1973-12-08,+91 9177783634,policyholder10242@example.in,"175, MG Road",Chennai,Tamil Nadu,600001,Motor,840000.00,2022-01-02,2027-03-20,2,253500.00,15700.00,Active
POL10243,Pooja Verma,Female,18,2008-09-11,+91 7076980735,policyholder10243@example.in,"80, Park Street",Ahmedabad,Gujarat,380001,Motor,248500.00,2022-05-01,2027-04-27,1,59000.00,3300.00,Active
POL10244,Neha Kulkarni,Male,51,1975-04-28,+91 7220886770,policyholder10244@example.in,"53, MG Road",Hyderabad,Telangana,500001,Health,1628500.00,2026-03-06,2029-03-05,0,0.00,70300.00,Active
POL10245,Akash Saxena,Female,43,1983-01-31,+91 8323664528,policyholder10245@example.in,"112, MG Road",Kolkata,West Bengal,700001,Travel,407000.00,2021-11-12,2027-06-11,0,0.00,13900.00,Active
POL10246,Pranav Kulkarni,Male,47,1979-06-07,+91 7182487500,policyholder10246@example.in,"116, Park Street",Pune,Maharashtra,411001,Health,1574000.00,2022-02-06,2027-04-18,1,407500.00,41900.00,Active
POL10247,Lakshmi Bhat,Female,59,1966-10-27,+91 7696678784,policyholder10247@example.in,"75, Station Road",Pune,Maharashtra,411001,Motor,518000.00,2022-08-20,2026-10-01,0,0.00,9200.00,Active
POL10248,Sahil Mishra,Male,69,1957-09-16,+91 7763390115,policyholder10248@example.in,"39, Lake View Road",Kolkata,West Bengal,700001,Motor,159000.00,2022-03-22,2027-03-03,1,14500.00,6400.00,Active
POL10249,Diya Patel,Female,50,1976-01-28,+91 7922693839,policyholder10249@example.in,"30, MG Road",Hyderabad,Telangana,500001,Health,703500.00,2026-05-30,2027-05-30,0,0.00,29100.00,Active
POL10250,Zoya Nair,Male,47,1979-08-02,+91 9462657885,policyholder10250@example.in,"36, MG Road",Delhi,Delhi,110001,Motor,735000.00,2021-12-09,2027-02-06,0,0.00,19400.00,Active
POL10251,Gaurav Pillai,Female,18,2008-03-20,+91 7585299499,policyholder10251@example.in,"165, MG Road",Ahmedabad,Gujarat,380001,Health,665500.00,2024-12-03,2026-12-03,0,0.00,20200.00,Active
POL10252,Neha Rao,Female,61,1965-01-10,+91 7493570889,policyholder10252@example.in,"56, MG Road",Delhi,Delhi,110001,Motor,557000.00,2022-02-23,2026-11-01,0,0.00,15600.00,Active
POL10253,Amrita Mehta,Female,46,1979-12-30,+91 7496445272,policyholder10253@example.in,"116, Park Street",Kolkata,West Bengal,700001,Motor,812500.00,2025-07-28,2027-01-27,0,0.00,23700.00,Active
POL10254,Arjun Verma,Male,19,2007-05-15,+91 9161131206,policyholder10254@example.in,"45, Lake View Road",Kolkata,West Bengal,700001,Health,736500.00,2024-05-17,2027-07-18,0,0.00,24400.00,Active
POL10255,Diya Srinivasan,Male,30,1996-01-10,+91 9035795148,policyholder10255@example.in,"97, Station Road",Mumbai,Maharashtra,400001,Health,1968500.00,2024-10-08,2027-05-24,1,359500.00,39100.00,Active
POL10256,Ishaan Patel,Female,59,1966-09-23,+91 9215510434,policyholder10256@example.in,"73, Station Road",Bengaluru,Karnataka,560001,Health,2025500.00,2024-03-07,2027-03-07,0,0.00,87000.00,Active
POL10257,Meera Kapoor,Male,20,2006-03-14,+91 9682014481,policyholder10257@example.in,"89, Lake View Road",Kolkata,West Bengal,700001,Motor,207500.00,2024-10-16,2027-08-31,0,0.00,9900.00,Active
POL10258,Diya Shah,Female,44,1982-08-29,+91 8666989540,policyholder10258@example.in,"49, Lake View Road",Bengaluru,Karnataka,560001,Motor,374000.00,2024-06-22,2026-06-22,3,141500.00,4500.00,Lapsed
POL10259,Aarav Srinivasan,Male,32,1994-08-10,+91 9700922347,policyholder10259@example.in,"81, Station Road",Ahmedabad,Gujarat,380001,Motor,491000.00,2023-07-05,2027-03-25,0,0.00,21700.00,Active
POL10260,Meera Mishra,Male,51,1975-01-13,+91 8252798763,policyholder10260@example.in,"162, MG Road",Delhi,Delhi,110001,Home,4622000.00,2022-11-23,2027-06-02,0,0.00,169400.00,Active
POL10261,Chaitanya Shetty,Female,33,1993-01-30,+91 9260851810,policyholder10261@example.in,"123, Lake View Road",Hyderabad,Telangana,500001,Motor,544500.00,2025-09-16,2027-09-16,0,0.00,20300.00,Active
POL10262,Bhavna Menon,Female,47,1979-07-15,+91 7138741152,policyholder10262@example.in,"162, Park Street",Bengaluru,Karnataka,560001,Motor,261500.00,2023-02-16,2027-01-16,0,0.00,6800.00,Active
POL10263,Aarav Rao,Other,53,1973-06-13,+91 8869962812,policyholder10263@example.in,"38, Lake View Road",Delhi,Delhi,110001,Motor,155500.00,2024-07-20,2027-07-29,1,13500.00,6000.00,Active
POL10264,Nikhil Saxena,Female,43,1983-01-09,+91 8486455161,policyholder10264@example.in,"112, Station Road",Hyderabad,Telangana,500001,Motor,847000.00,2023-07-16,2026-12-17,0,0.00,34800.00,Active
POL10265,Shreya Khan,Female,25,2001-02-23,+91 8865826287,policyholder10265@example.in,"134, Park Street",Chennai,Tamil Nadu,600001,Motor,599000.00,2023-04-24,2026-11-13,1,124500.00,16800.00,Active
POL10266,Rahul Nair,Male,19,2007-02-21,+91 7657288413,policyholder10266@example.in,"75, Park Street",Chennai,Tamil Nadu,600001,Health,895500.00,2025-11-30,2028-11-29,1,108000.00,29500.00,Active
POL10267,Amrita Mehta,Male,41,1985-06-22,+91 9229304794,policyholder10267@example.in,"151, MG Road",Bengaluru,Karnataka,560001,Health,1435500.00,2024-06-12,2027-06-12,1,364000.00,30900.00,Active
POL10268,Ananya Bhat,Female,18,2007-12-06,+91 7231941509,policyholder10268@example.in,"60, Park Street",Ahmedabad,Gujarat,380001,Travel,466000.00,2022-05-14,2024-05-13,0,0.00,19300.00,Lapsed
POL10269,Chaitanya Iyer,Male,37,1989-06-15,+91 8948296874,policyholder10269@example.in,"118, Station Road",Pune,Maharashtra,411001,Home,3799500.00,2026-06-09,2028-06-08,0,0.00,133200.00,Active
POL10270,Devika Chatterjee,Male,42,1984-07-04,+91 9715233883,policyholder10270@example.in,"78, Station Road",Kolkata,West Bengal,700001,Health,2181500.00,2022-03-29,2024-03-28,0,0.00,68600.00,Lapsed
POL10271,Isha Shah,Male,39,1987-02-15,+91 9656199377,policyholder10271@example.in,"152, MG Road",Chennai,Tamil Nadu,600001,Health,347500.00,2022-01-07,2023-01-07,0,0.00,6700.00,Cancelled
POL10272,Chaitanya Kapoor,Female,74,1952-06-03,+91 9203896575,policyholder10272@example.in,"141, Lake View Road",Chennai,Tamil Nadu,600001,Motor,744000.00,2022-10-11,2025-10-10,2,216500.00,33600.00,Cancelled
POL10273,Sneha Khan,Female,27,1999-03-23,+91 7382417985,policyholder10273@example.in,"41, Lake View Road",Kolkata,West Bengal,700001,Health,799500.00,2022-10-12,2027-03-02,0,0.00,32200.00,Active
POL10274,Rahul Bhat,Male,45,1981-07-02,+91 8994242467,policyholder10274@example.in,"153, Park Street",Pune,Maharashtra,411001,Health,1538000.00,2022-10-02,2027-03-04,0,0.00,64700.00,Active
POL10275,Ananya Srinivasan,Female,37,1989-01-30,+91 8631376887,policyholder10275@example.in,"161, MG Road",Delhi,Delhi,110001,Home,2216000.00,2022-05-17,2027-05-03,0,0.00,73100.00,Active
POL10276,Kavya Deshmukh,Female,34,1991-12-06,+91 8266880564,policyholder10276@example.in,"99, Station Road",Delhi,Delhi,110001,Health,1572500.00,2024-04-25,2027-05-02,0,0.00,63700.00,Active
POL10277,Zoya Sharma,Male,71,1954-12-27,+91 7824167997,policyholder10277@example.in,"108, Park Street",Ahmedabad,Gujarat,380001,Home,3651000.00,2026-06-01,2028-05-31,0,0.00,46500.00,Active
POL10278,Sahil Verma,Male,39,1987-01-17,+91 8137333985,policyholder10278@example.in,"163, Lake View Road",Hyderabad,Telangana,500001,Health,2135500.00,2024-04-14,2027-08-14,0,0.00,44000.00,Active
POL10279,Rahul Shetty,Female,65,1960-12-07,+91 7835450608,policyholder10279@example.in,"15, Station Road",Pune,Maharashtra,411001,Motor,713000.00,2023-04-22,2027-03-14,1,178500.00,10100.00,Active
POL10280,Karan Iyer,Male,71,1955-05-15,+91 8166529468,policyholder10280@example.in,"176, Lake View Road",Pune,Maharashtra,411001,Motor,181500.00,2023-02-18,2027-09-03,0,0.00,7000.00,Active
POL10281,Yash Mishra,Female,33,1993-01-23,+91 8399185717,policyholder10281@example.in,"97, Park Street",Hyderabad,Telangana,500001,Motor,649000.00,2026-01-21,2027-01-21,4,84500.00,12200.00,Active
POL10282,Rahul Deshmukh,Female,35,1991-05-04,+91 7925928447,policyholder10282@example.in,"6, Station Road",Chennai,Tamil Nadu,600001,Motor,434000.00,2025-01-11,2027-03-17,0,0.00,8700.00,Active
POL10283,Mohan Malhotra,Female,28,1997-11-24,+91 9124128375,policyholder10283@example.in,"97, Station Road",Chennai,Tamil Nadu,600001,Health,1090000.00,2025-08-21,2027-08-21,3,209500.00,17000.00,Active
POL10284,Manish Mishra,Male,47,1978-10-30,+91 7141449849,policyholder10284@example.in,"75, Station Road",Mumbai,Maharashtra,400001,Health,1676000.00,2023-06-23,2027-07-13,0,0.00,42800.00,Active
POL10285,Lakshmi Verma,Male,44,1981-12-14,+91 9920911445,policyholder10285@example.in,"138, Park Street",Hyderabad,Telangana,500001,Health,1010000.00,2025-07-02,2027-07-02,0,0.00,24000.00,Active
POL10286,Amrita Menon,Female,32,1994-03-05,+91 8666800224,policyholder10286@example.in,"75, Park Street",Pune,Maharashtra,411001,Health,1151000.00,2025-04-03,2026-12-16,0,0.00,24500.00,Active
POL10287,Nikhil Mishra,Male,55,1971-07-02,+91 9589181452,policyholder10287@example.in,"41, Lake View Road",Pune,Maharashtra,411001,Motor,285000.00,2023-04-22,2026-09-30,2,71000.00,9200.00,Active
POL10288,Aarav Kulkarni,Female,40,1985-10-03,+91 9308872551,policyholder10288@example.in,"137, MG Road",Ahmedabad,Gujarat,380001,Home,2072000.00,2024-05-17,2026-05-17,0,0.00,42900.00,Lapsed
POL10289,Mohan Reddy,Male,53,1973-09-15,+91 7487805566,policyholder10289@example.in,"102, Park Street",Pune,Maharashtra,411001,Motor,986000.00,2023-01-26,2025-01-25,0,0.00,17100.00,Cancelled
POL10290,Amrita Shah,Female,39,1987-09-02,+91 7783063096,policyholder10290@example.in,"39, Park Street",Hyderabad,Telangana,500001,Home,2528500.00,2026-06-26,2027-06-26,0,0.00,58800.00,Active
POL10291,Rohan Pillai,Female,35,1990-09-20,+91 9491132939,policyholder10291@example.in,"23, Lake View Road",Chennai,Tamil Nadu,600001,Health,1612000.00,2023-01-17,2027-08-23,2,259000.00,57700.00,Active
POL10292,Meera Shetty,Female,47,1978-10-25,+91 9165975518,policyholder10292@example.in,"13, MG Road",Kolkata,West Bengal,700001,Health,1314500.00,2026-02-07,2028-02-07,0,0.00,51400.00,Active
POL10293,Sahil Deshmukh,Male,27,1999-08-19,+91 9832456617,policyholder10293@example.in,"34, Lake View Road",Hyderabad,Telangana,500001,Motor,592500.00,2022-02-03,2026-11-20,0,0.00,11200.00,Active
POL10294,Nikhil Bhat,Male,54,1972-05-14,+91 8426217657,policyholder10294@example.in,"44, Lake View Road",Pune,Maharashtra,411001,Motor,391000.00,2024-12-26,2027-04-13,0,0.00,11900.00,Active
POL10295,Lakshmi Bhat,Male,22,2004-06-24,+91 8550823343,policyholder10295@example.in,"151, Park Street",Bengaluru,Karnataka,560001,Motor,894500.00,2025-12-04,2027-12-04,4,152000.00,11800.00,Cancelled
POL10296,Kavya Malhotra,Female,27,1998-11-23,+91 9504352538,policyholder10296@example.in,"99, Lake View Road",Mumbai,Maharashtra,400001,Health,437000.00,2021-11-08,2026-11-27,0,0.00,17600.00,Active
POL10297,Aarav Patel,Male,39,1987-06-14,+91 7743789419,policyholder10297@example.in,"54, Lake View Road",Bengaluru,Karnataka,560001,Motor,866000.00,2022-12-06,2027-05-04,0,0.00,32300.00,Active
POL10298,Pranav Shetty,Female,42,1984-08-22,+91 8113757033,policyholder10298@example.in,"37, Lake View Road",Hyderabad,Telangana,500001,Health,1530500.00,2025-04-27,2027-06-17,0,0.00,34900.00,Active
POL10299,Sneha Singh,Female,34,1992-03-05,+91 7705930682,policyholder10299@example.in,"2, MG Road",Hyderabad,Telangana,500001,Motor,980500.00,2023-11-11,2027-01-12,2,106500.00,26500.00,Active
POL10300,Kavya Menon,Male,42,1984-07-22,+91 7690768546,policyholder10300@example.in,"45, MG Road",Hyderabad,Telangana,500001,Health,2442500.00,2024-03-09,2025-03-09,0,0.00,37900.00,Lapsed
POL10301,Akash Iyer,Female,42,1984-04-09,+91 7097644453,policyholder10301@example.in,"14, Park Street",Bengaluru,Karnataka,560001,Health,1235500.00,2025-04-08,2027-04-02,0,0.00,15100.00,Active
POL10302,Neha Nair,Male,37,1988-11-26,+91 8570859214,policyholder10302@example.in,"33, MG Road",Mumbai,Maharashtra,400001,Motor,859000.00,2025-11-29,2026-11-29,0,0.00,25700.00,Active
POL10303,Jaya Kulkarni,Female,31,1995-02-08,+91 9996312225,policyholder10303@example.in,"154, Lake View Road",Ahmedabad,Gujarat,380001,Health,2239000.00,2024-02-22,2026-10-23,1,407000.00,82300.00,Active
POL10304,Ananya Malhotra,Male,41,1985-07-09,+91 9891097933,policyholder10304@example.in,"142, Park Street",Hyderabad,Telangana,500001,Motor,856000.00,2024-07-12,2026-11-26,1,211500.00,12500.00,Active
POL10305,Farhan Mehta,Female,36,1990-07-14,+91 8751283519,policyholder10305@example.in,"151, Station Road",Bengaluru,Karnataka,560001,Home,4066500.00,2021-11-07,2027-08-27,0,0.00,111100.00,Active
POL10306,Diya Malhotra,Male,49,1976-09-23,+91 8704148530,policyholder10306@example.in,"16, Station Road",Delhi,Delhi,110001,Health,1683000.00,2022-01-02,2027-04-10,1,174000.00,33900.00,Active
POL10307,Zoya Kulkarni,Other,65,1961-06-14,+91 9487305194,policyholder10307@example.in,"88, MG Road",Delhi,Delhi,110001,Health,1801000.00,2023-07-25,2024-07-24,0,0.00,27800.00,Lapsed
POL10308,Sahil Sharma,Female,31,1995-07-05,+91 8510485907,policyholder10308@example.in,"21, Lake View Road",Delhi,Delhi,110001,Health,1848500.00,2026-01-18,2027-08-17,0,0.00,58400.00,Active
POL10309,Kavya Bhat,Female,57,1969-05-14,+91 8608650071,policyholder10309@example.in,"29, Lake View Road",Ahmedabad,Gujarat,380001,Motor,489000.00,2025-01-27,2027-01-27,2,76500.00,23400.00,Active
POL10310,Vikram Rao,Male,52,1974-08-10,+91 9908639947,policyholder10310@example.in,"121, MG Road",Ahmedabad,Gujarat,380001,Travel,238500.00,2024-03-16,2026-11-23,3,50500.00,8200.00,Active
POL10311,Ananya Reddy,Male,43,1982-12-11,+91 7432455117,policyholder10311@example.in,"46, Park Street",Kolkata,West Bengal,700001,Motor,647000.00,2025-03-09,2027-03-09,3,246500.00,16500.00,Lapsed
POL10312,Arjun Khan,Female,36,1990-06-22,+91 9480835330,policyholder10312@example.in,"44, Park Street",Chennai,Tamil Nadu,600001,Motor,971000.00,2026-05-15,2028-05-14,0,0.00,39400.00,Active
POL10313,Gaurav Saxena,Female,34,1992-04-28,+91 7704847559,policyholder10313@example.in,"141, Station Road",Pune,Maharashtra,411001,Motor,573000.00,2023-08-28,2027-06-28,0,0.00,25600.00,Active
POL10314,Nikhil Deshmukh,Female,41,1984-12-11,+91 8463645524,policyholder10314@example.in,"14, MG Road",Kolkata,West Bengal,700001,Motor,851500.00,2024-05-01,2026-11-08,2,143500.00,17400.00,Active
POL10315,Pranav Nair,Male,42,1984-02-27,+91 7801430755,policyholder10315@example.in,"87, Lake View Road",Mumbai,Maharashtra,400001,Motor,876500.00,2025-04-16,2028-04-15,2,220000.00,19400.00,Active
POL10316,Lakshmi Deshmukh,Female,36,1990-04-14,+91 8880456892,policyholder10316@example.in,"175, MG Road",Chennai,Tamil Nadu,600001,Home,4442000.00,2023-03-26,2027-08-16,0,0.00,155000.00,Active
POL10317,Rahul Patel,Male,59,1967-01-25,+91 8020350524,policyholder10317@example.in,"35, Lake View Road",Bengaluru,Karnataka,560001,Motor,886000.00,2024-02-04,2027-04-13,0,0.00,29100.00,Active
POL10318,Bhavna Reddy,Male,53,1973-05-15,+91 9158149412,policyholder10318@example.in,"84, MG Road",Kolkata,West Bengal,700001,Health,886000.00,2026-04-23,2029-04-22,0,0.00,22700.00,Active
POL10319,Isha Malhotra,Female,30,1996-05-17,+91 8611015873,policyholder10319@example.in,"23, MG Road",Mumbai,Maharashtra,400001,Health,635000.00,2026-06-11,2029-06-10,0,0.00,19500.00,Active
POL10320,Deepak Malhotra,Male,30,1996-05-07,+91 8092273333,policyholder10320@example.in,"173, Lake View Road",Kolkata,West Bengal,700001,Motor,832000.00,2022-03-03,2026-10-06,1,199000.00,32300.00,Active
POL10321,Meera Shetty,Male,59,1966-10-02,+91 8096398115,policyholder10321@example.in,"38, Lake View Road",Mumbai,Maharashtra,400001,Health,342000.00,2026-06-02,2027-06-02,3,76000.00,6700.00,Active
POL10322,Diya Kulkarni,Female,41,1985-05-10,+91 8530333437,policyholder10322@example.in,"41, Lake View Road",Pune,Maharashtra,411001,Motor,688000.00,2025-04-12,2027-08-26,4,289500.00,10300.00,Active
POL10323,Amrita Singh,Female,23,2003-02-24,+91 8068479741,policyholder10323@example.in,"96, Park Street",Delhi,Delhi,110001,Health,2189500.00,2021-12-22,2023-12-22,2,206000.00,73300.00,Cancelled
POL10324,Tanvi Shah,Male,65,1961-01-30,+91 9291936287,policyholder10324@example.in,"88, Park Street",Hyderabad,Telangana,500001,Health,1224500.00,2023-01-05,2027-07-19,3,243000.00,23600.00,Active
POL10325,Arjun Malhotra,Male,75,1951-03-23,+91 8032199327,policyholder10325@example.in,"1, MG Road",Mumbai,Maharashtra,400001,Health,2157000.00,2021-09-29,2026-11-08,1,412500.00,102000.00,Active
POL10326,Varun Shah,Male,65,1961-01-03,+91 8160939437,policyholder10326@example.in,"99, Station Road",Chennai,Tamil Nadu,600001,Health,2343000.00,2022-09-07,2027-05-05,0,0.00,89600.00,Active
POL10327,Manish Patel,Male,30,1996-08-22,+91 9489138469,policyholder10327@example.in,"95, Lake View Road",Ahmedabad,Gujarat,380001,Home,3714500.00,2021-11-26,2027-09-17,0,0.00,81800.00,Active
POL10328,Pranav Shetty,Male,44,1981-12-05,+91 9715682130,policyholder10328@example.in,"5, Park Street",Chennai,Tamil Nadu,600001,Health,764500.00,2022-03-30,2024-03-29,2,204500.00,31700.00,Lapsed
POL10329,Pooja Menon,Female,21,2005-08-30,+91 9513794903,policyholder10329@example.in,"176, Park Street",Chennai,Tamil Nadu,600001,Motor,338500.00,2025-10-24,2027-10-24,0,0.00,10700.00,Active
POL10330,Gaurav Bhat,Female,68,1958-06-05,+91 9853476870,policyholder10330@example.in,"165, Station Road",Mumbai,Maharashtra,400001,Health,2250000.00,2024-05-03,2025-05-03,0,0.00,99700.00,Cancelled
POL10331,Chaitanya Nair,Female,37,1988-12-01,+91 9034941321,policyholder10331@example.in,"36, MG Road",Chennai,Tamil Nadu,600001,Health,905500.00,2026-05-04,2028-05-03,0,0.00,38200.00,Active
POL10332,Nikhil Verma,Female,53,1972-11-21,+91 7685093351,policyholder10332@example.in,"55, Lake View Road",Ahmedabad,Gujarat,380001,Home,4528500.00,2026-05-09,2027-05-09,4,502000.00,183700.00,Lapsed
POL10333,Sneha Shah,Male,45,1981-05-11,+91 7441903700,policyholder10333@example.in,"155, Station Road",Hyderabad,Telangana,500001,Motor,610500.00,2022-01-03,2027-02-16,0,0.00,17800.00,Active
POL10334,Bhavna Deshmukh,Female,33,1993-05-30,+91 9711222688,policyholder10334@example.in,"106, Park Street",Bengaluru,Karnataka,560001,Health,1896000.00,2021-11-14,2027-06-02,1,354500.00,88700.00,Active
POL10335,Lakshmi Singh,Male,32,1994-03-21,+91 7196076733,policyholder10335@example.in,"116, Station Road",Kolkata,West Bengal,700001,Motor,174000.00,2025-07-11,2027-07-11,0,0.00,8000.00,Active
POL10336,Rohan Pillai,Female,44,1981-10-04,+91 7126577838,policyholder10336@example.in,"33, Lake View Road",Kolkata,West Bengal,700001,Health,1678000.00,2024-08-18,2027-06-17,1,445500.00,63300.00,Active
POL10337,Ishaan Sharma,Female,37,1989-04-18,+91 8016664623,policyholder10337@example.in,"177, Park Street",Ahmedabad,Gujarat,380001,Health,2109500.00,2022-11-27,2026-11-18,0,0.00,74200.00,Active
POL10338,Devika Kapoor,Male,55,1971-07-07,+91 9631861488,policyholder10338@example.in,"23, Park Street",Ahmedabad,Gujarat,380001,Health,1411000.00,2025-11-04,2027-06-09,0,0.00,34500.00,Active
POL10339,Mohan Mishra,Male,34,1991-11-27,+91 9293255578,policyholder10339@example.in,"108, Station Road",Kolkata,West Bengal,700001,Motor,211000.00,2025-04-10,2026-10-05,2,19000.00,9800.00,Active
POL10340,Sahil Singh,Female,70,1956-05-05,+91 8273996802,policyholder10340@example.in,"89, Lake View Road",Chennai,Tamil Nadu,600001,Health,818000.00,2022-06-14,2027-08-18,0,0.00,32800.00,Active
POL10341,Vikram Srinivasan,Male,49,1977-02-02,+91 9535063749,policyholder10341@example.in,"80, Station Road",Ahmedabad,Gujarat,380001,Home,2392000.00,2023-06-04,2025-06-03,0,0.00,98100.00,Lapsed
POL10342,Chaitanya Srinivasan,Female,36,1990-03-18,+91 8046239291,policyholder10342@example.in,"139, Lake View Road",Bengaluru,Karnataka,560001,Motor,367500.00,2022-11-15,2024-11-14,0,0.00,8800.00,Lapsed
POL10343,Aarav Verma,Female,30,1995-12-02,+91 9653667963,policyholder10343@example.in,"108, Lake View Road",Ahmedabad,Gujarat,380001,Motor,571500.00,2022-08-12,2027-04-19,1,117000.00,11500.00,Active
POL10344,Varun Mishra,Female,18,2008-09-08,+91 9870045471,policyholder10344@example.in,"96, Lake View Road",Kolkata,West Bengal,700001,Motor,225000.00,2024-09-03,2025-09-03,0,0.00,3400.00,Lapsed
POL10345,Karan Reddy,Male,23,2003-06-29,+91 8687822751,policyholder10345@example.in,"4, MG Road",Ahmedabad,Gujarat,380001,Home,1248500.00,2022-07-08,2027-09-10,0,0.00,21400.00,Active
POL10346,Chaitanya Bhat,Male,37,1988-11-27,+91 8868491472,policyholder10346@example.in,"154, Park Street",Kolkata,West Bengal,700001,Motor,865500.00,2024-04-02,2027-06-07,0,0.00,28100.00,Active
POL10347,Diya Mehta,Male,71,1954-12-19,+91 7894028423,policyholder10347@example.in,"16, MG Road",Mumbai,Maharashtra,400001,Health,2152000.00,2024-04-11,2026-09-30,2,183500.00,62300.00,Active
POL10348,Sahil Kapoor,Male,30,1995-12-18,+91 9547227148,policyholder10348@example.in,"69, Park Street",Mumbai,Maharashtra,400001,Motor,993500.00,2024-12-12,2026-12-12,2,153000.00,37500.00,Lapsed
POL10349,Tanvi Khan,Male,62,1964-02-24,+91 7595900635,policyholder10349@example.in,"9, Lake View Road",Kolkata,West Bengal,700001,Motor,888000.00,2023-07-20,2026-07-19,0,0.00,21800.00,Cancelled
POL10350,Farhan Sharma,Male,19,2007-02-13,+91 9924738688,policyholder10350@example.in,"150, Lake View Road",Chennai,Tamil Nadu,600001,Travel,69500.00,2023-01-20,2026-11-19,3,15500.00,3300.00,Active
POL10351,Sneha Jain,Male,44,1982-04-22,+91 7077575123,policyholder10351@example.in,"54, Park Street",Ahmedabad,Gujarat,380001,Health,1977500.00,2022-11-18,2024-11-17,0,0.00,65700.00,Lapsed
POL10352,Ishaan Chatterjee,Male,26,2000-05-02,+91 9291993680,policyholder10352@example.in,"20, Park Street",Chennai,Tamil Nadu,600001,Motor,749500.00,2022-02-02,2027-04-01,0,0.00,31100.00,Active
POL10353,Devika Singh,Male,69,1957-08-25,+91 8149414460,policyholder10353@example.in,"43, MG Road",Kolkata,West Bengal,700001,Motor,166500.00,2024-07-08,2027-09-11,0,0.00,4000.00,Active
POL10354,Rahul Kapoor,Female,62,1964-03-14,+91 8590031179,policyholder10354@example.in,"10, Lake View Road",Chennai,Tamil Nadu,600001,Motor,233500.00,2022-06-23,2027-04-05,1,25000.00,9800.00,Active
POL10355,Meera Srinivasan,Male,26,1999-11-26,+91 9884309327,policyholder10355@example.in,"18, Station Road",Bengaluru,Karnataka,560001,Motor,636500.00,2023-05-23,2027-01-25,0,0.00,13200.00,Active
POL10356,Shreya Deshmukh,Female,25,2000-10-18,+91 9516277043,policyholder10356@example.in,"150, Station Road",Ahmedabad,Gujarat,380001,Health,1213000.00,2025-10-27,2027-07-07,0,0.00,57000.00,Active
POL10357,Pooja Deshmukh,Female,47,1979-07-25,+91 7328214416,policyholder10357@example.in,"93, Lake View Road",Delhi,Delhi,110001,Motor,988500.00,2026-07-01,2027-07-01,0,0.00,38000.00,Active
POL10358,Yash Shah,Male,46,1979-10-04,+91 9785112664,policyholder10358@example.in,"174, Lake View Road",Ahmedabad,Gujarat,380001,Motor,968000.00,2021-10-03,2026-12-23,1,133000.00,24300.00,Active
POL10359,Rahul Kulkarni,Female,24,2002-05-30,+91 9633963422,policyholder10359@example.in,"110, Park Street",Bengaluru,Karnataka,560001,Health,1938500.00,2025-08-10,2028-08-09,0,0.00,26400.00,Active
POL10360,Tanvi Jain,Female,38,1988-02-23,+91 9788915822,policyholder10360@example.in,"147, Lake View Road",Hyderabad,Telangana,500001,Motor,340500.00,2024-05-24,2027-04-30,0,0.00,10700.00,Active
POL10361,Shreya Singh,Female,27,1999-05-07,+91 9732564990,policyholder10361@example.in,"85, Lake View Road",Ahmedabad,Gujarat,380001,Health,371000.00,2023-07-17,2027-09-06,0,0.00,4600.00,Active
POL10362,Shreya Saxena,Male,42,1983-12-28,+91 9354397024,policyholder10362@example.in,"156, MG Road",Chennai,Tamil Nadu,600001,Home,1151000.00,2023-08-24,2027-02-11,3,181000.00,41100.00,Active
POL10363,Devika Jain,Female,18,2008-08-24,+91 7574778839,policyholder10363@example.in,"120, Station Road",Mumbai,Maharashtra,400001,Health,541000.00,2022-09-20,2026-12-23,1,92500.00,12200.00,Active
POL10364,Zoya Bhat,Female,31,1995-05-03,+91 9936679688,policyholder10364@example.in,"135, Station Road",Hyderabad,Telangana,500001,Travel,165000.00,2023-06-30,2024-06-29,0,0.00,7000.00,Lapsed
POL10365,Vikram Chatterjee,Female,39,1987-06-15,+91 9535042301,policyholder10365@example.in,"169, Lake View Road",Pune,Maharashtra,411001,Health,633000.00,2025-12-25,2028-12-24,0,0.00,13500.00,Active
POL10366,Pooja Shah,Female,71,1954-11-25,+91 7502827977,policyholder10366@example.in,"180, Park Street",Delhi,Delhi,110001,Motor,903000.00,2022-06-27,2027-05-16,0,0.00,19900.00,Active
POL10367,Shreya Rao,Female,24,2002-07-06,+91 9635682285,policyholder10367@example.in,"94, Lake View Road",Bengaluru,Karnataka,560001,Motor,525500.00,2022-12-29,2027-07-18,1,58500.00,6900.00,Active
POL10368,Yash Mehta,Male,35,1991-06-07,+91 8389690324,policyholder10368@example.in,"63, Lake View Road",Bengaluru,Karnataka,560001,Motor,403500.00,2023-11-16,2027-04-06,0,0.00,19200.00,Active
POL10369,Vikram Singh,Male,37,1988-12-17,+91 7528121662,policyholder10369@example.in,"55, MG Road",Pune,Maharashtra,411001,Health,1739000.00,2025-09-01,2026-12-31,0,0.00,33100.00,Active
POL10370,Tanvi Kapoor,Female,72,1954-03-09,+91 9182075345,policyholder10370@example.in,"113, MG Road",Ahmedabad,Gujarat,380001,Health,2109500.00,2024-05-13,2027-03-21,0,0.00,26100.00,Active
POL10371,Gaurav Reddy,Female,44,1982-06-20,+91 8761904441,policyholder10371@example.in,"36, Lake View Road",Kolkata,West Bengal,700001,Motor,450000.00,2024-01-29,2027-07-21,0,0.00,16800.00,Active
POL10372,Sahil Kulkarni,Other,47,1979-08-05,+91 8173750300,policyholder10372@example.in,"4, MG Road",Kolkata,West Bengal,700001,Motor,426500.00,2022-07-31,2027-02-10,2,78500.00,15700.00,Active
POL10373,Ishaan Verma,Male,63,1962-11-05,+91 7206600659,policyholder10373@example.in,"170, Station Road",Pune,Maharashtra,411001,Health,840500.00,2023-12-24,2027-07-24,1,214000.00,20200.00,Active
POL10374,Farhan Sharma,Male,63,1963-07-16,+91 7103692533,policyholder10374@example.in,"101, Park Street",Mumbai,Maharashtra,400001,Health,1158500.00,2022-11-21,2027-02-19,2,210500.00,27900.00,Active
POL10375,Manish Singh,Female,42,1984-07-14,+91 7437572835,policyholder10375@example.in,"131, Station Road",Hyderabad,Telangana,500001,Motor,117000.00,2024-12-04,2027-12-04,0,0.00,4800.00,Active
POL10376,Isha Mehta,Male,38,1988-01-24,+91 9850186485,policyholder10376@example.in,"95, Lake View Road",Chennai,Tamil Nadu,600001,Motor,593500.00,2023-04-21,2026-12-06,0,0.00,19200.00,Active
POL10377,Vikram Iyer,Male,49,1976-10-28,+91 7022506083,policyholder10377@example.in,"89, MG Road",Ahmedabad,Gujarat,380001,Health,469000.00,2023-03-06,2026-11-28,1,101000.00,7300.00,Active
POL10378,Varun Shah,Female,50,1975-11-30,+91 9841453619,policyholder10378@example.in,"109, Park Street",Ahmedabad,Gujarat,380001,Motor,162000.00,2024-05-08,2025-05-08,0,0.00,6000.00,Lapsed
POL10379,Zoya Rao,Female,59,1967-09-11,+91 7308239594,policyholder10379@example.in,"158, MG Road",Pune,Maharashtra,411001,Health,251500.00,2021-12-06,2027-01-28,3,40000.00,8500.00,Active
POL10380,Sanjay Reddy,Female,41,1985-02-09,+91 9558086788,policyholder10380@example.in,"93, Lake View Road",Delhi,Delhi,110001,Health,1899000.00,2022-10-21,2027-09-16,0,0.00,88000.00,Active
POL10381,Tanvi Chatterjee,Male,38,1987-11-25,+91 7360879715,policyholder10381@example.in,"22, Station Road",Hyderabad,Telangana,500001,Motor,783500.00,2024-10-13,2026-11-30,1,146500.00,30400.00,Active
POL10382,Sneha Menon,Female,23,2002-12-28,+91 7172528329,policyholder10382@example.in,"128, Lake View Road",Kolkata,West Bengal,700001,Motor,320500.00,2024-09-06,2027-07-17,0,0.00,13900.00,Active
POL10383,Aditi Shetty,Female,35,1991-09-04,+91 7956033467,policyholder10383@example.in,"112, Lake View Road",Chennai,Tamil Nadu,600001,Motor,552000.00,2025-05-30,2026-12-26,0,0.00,10400.00,Active
POL10384,Pooja Rao,Female,19,2007-07-12,+91 9435633816,policyholder10384@example.in,"118, Park Street",Delhi,Delhi,110001,Motor,725000.00,2024-07-15,2026-10-10,0,0.00,21300.00,Active
POL10385,Arjun Mishra,Female,34,1991-12-19,+91 8401142528,policyholder10385@example.in,"113, MG Road",Kolkata,West Bengal,700001,Health,2240500.00,2024-03-10,2027-01-15,4,673500.00,67300.00,Active
POL10386,Chaitanya Saxena,Male,28,1998-03-16,+91 8341452989,policyholder10386@example.in,"81, MG Road",Delhi,Delhi,110001,Motor,568000.00,2022-06-15,2027-06-27,0,0.00,16800.00,Active
POL10387,Isha Nair,Male,51,1975-09-16,+91 7523082470,policyholder10387@example.in,"177, Park Street",Kolkata,West Bengal,700001,Motor,286000.00,2024-01-14,2027-03-28,0,0.00,5900.00,Active
POL10388,Vikram Khan,Male,45,1980-10-27,+91 7381114861,policyholder10388@example.in,"108, Park Street",Bengaluru,Karnataka,560001,Motor,120000.00,2024-09-18,2025-09-18,0,0.00,2100.00,Lapsed
POL10389,Aditya Saxena,Female,71,1954-11-25,+91 9863407006,policyholder10389@example.in,"72, Station Road",Delhi,Delhi,110001,Health,2188500.00,2025-06-16,2027-07-06,1,334500.00,60100.00,Active
POL10390,Aditi Kulkarni,Male,20,2006-05-31,+91 9970600976,policyholder10390@example.in,"162, Lake View Road",Hyderabad,Telangana,500001,Motor,666500.00,2023-09-18,2027-06-28,0,0.00,29500.00,Active
POL10391,Sahil Reddy,Female,52,1973-11-29,+91 7606540879,policyholder10391@example.in,"67, Park Street",Mumbai,Maharashtra,400001,Motor,504000.00,2023-03-15,2027-05-31,0,0.00,12600.00,Active
POL10392,Gaurav Sharma,Female,52,1973-12-17,+91 9572406948,policyholder10392@example.in,"94, Park Street",Mumbai,Maharashtra,400001,Travel,224500.00,2024-09-09,2026-11-07,0,0.00,2900.00,Active
POL10393,Aditi Patel,Male,31,1994-12-05,+91 9657736991,policyholder10393@example.in,"73, MG Road",Kolkata,West Bengal,700001,Motor,770500.00,2022-11-08,2026-12-16,0,0.00,32700.00,Active
POL10394,Ishaan Bhat,Female,49,1977-01-18,+91 7266618419,policyholder10394@example.in,"124, Station Road",Kolkata,West Bengal,700001,Home,4058000.00,2024-05-22,2027-01-01,0,0.00,88800.00,Active
POL10395,Isha Patel,Female,40,1986-05-06,+91 9106102683,policyholder10395@example.in,"83, Park Street",Mumbai,Maharashtra,400001,Motor,947500.00,2023-09-29,2024-09-28,3,385500.00,23400.00,Lapsed
POL10396,Nikhil Nair,Male,37,1989-05-25,+91 7824245096,policyholder10396@example.in,"177, Station Road",Bengaluru,Karnataka,560001,Health,486500.00,2022-09-06,2027-02-18,1,114500.00,14700.00,Active
POL10397,Pooja Pillai,Male,56,1970-06-05,+91 7945435670,policyholder10397@example.in,"81, MG Road",Pune,Maharashtra,411001,Motor,247500.00,2025-05-06,2027-09-14,0,0.00,10700.00,Active
POL10398,Tanvi Bhat,Female,51,1975-01-29,+91 7937980153,policyholder10398@example.in,"31, Park Street",Mumbai,Maharashtra,400001,Health,757000.00,2026-03-02,2029-03-01,0,0.00,27100.00,Active
POL10399,Aarav Menon,Male,25,2000-10-22,+91 7137023711,policyholder10399@example.in,"31, Station Road",Hyderabad,Telangana,500001,Health,2035000.00,2022-12-10,2027-04-27,4,1067000.00,33800.00,Active
POL10400,Karan Saxena,Female,26,2000-05-02,+91 7939213032,policyholder10400@example.in,"138, MG Road",Bengaluru,Karnataka,560001,Motor,701500.00,2024-04-18,2027-07-12,1,78000.00,19700.00,Active
POL10401,Pranav Nair,Male,52,1974-03-12,+91 7534084280,policyholder10401@example.in,"67, Station Road",Mumbai,Maharashtra,400001,Health,702000.00,2021-12-04,2027-06-05,0,0.00,17400.00,Active
POL10402,Pooja Srinivasan,Female,45,1981-02-26,+91 7506417712,policyholder10402@example.in,"72, Park Street",Bengaluru,Karnataka,560001,Health,1271000.00,2026-07-25,2029-07-24,0,0.00,25200.00,Active
POL10403,Sahil Malhotra,Female,61,1964-10-28,+91 9066328779,policyholder10403@example.in,"144, MG Road",Ahmedabad,Gujarat,380001,Health,1336000.00,2022-03-26,2027-08-05,0,0.00,28500.00,Active
POL10404,Karan Mehta,Female,48,1978-02-28,+91 8473274833,policyholder10404@example.in,"66, Park Street",Ahmedabad,Gujarat,380001,Health,1999500.00,2022-12-30,2027-03-01,0,0.00,86000.00,Active
POL10405,Pranav Nair,Female,64,1962-03-28,+91 7362366624,policyholder10405@example.in,"33, MG Road",Mumbai,Maharashtra,400001,Health,1360000.00,2022-06-03,2023-06-03,0,0.00,45100.00,Lapsed
POL10406,Ishaan Menon,Female,41,1984-10-15,+91 9963519426,policyholder10406@example.in,"76, Lake View Road",Hyderabad,Telangana,500001,Motor,730000.00,2025-09-15,2027-02-19,0,0.00,13100.00,Active
POL10407,Ishaan Singh,Male,29,1996-11-28,+91 9506109468,policyholder10407@example.in,"104, Lake View Road",Bengaluru,Karnataka,560001,Motor,783500.00,2024-04-04,2027-07-05,0,0.00,26000.00,Active
POL10408,Manish Saxena,Female,36,1990-06-14,+91 9968712104,policyholder10408@example.in,"170, Lake View Road",Delhi,Delhi,110001,Motor,805000.00,2025-05-20,2027-05-20,0,0.00,27300.00,Active
POL10409,Diya Rao,Male,43,1983-06-07,+91 9531413413,policyholder10409@example.in,"45, Station Road",Chennai,Tamil Nadu,600001,Health,1567000.00,2023-06-25,2027-08-08,0,0.00,21300.00,Active
POL10410,Kavya Shah,Female,68,1957-10-08,+91 7196865860,policyholder10410@example.in,"115, MG Road",Kolkata,West Bengal,700001,Motor,291500.00,2023-02-25,2027-08-05,0,0.00,12100.00,Active
POL10411,Bhavna Kapoor,Female,34,1992-01-07,+91 8234871152,policyholder10411@example.in,"170, MG Road",Chennai,Tamil Nadu,600001,Motor,379500.00,2026-03-25,2027-03-25,3,121000.00,10400.00,Active
POL10412,Isha Verma,Male,65,1961-03-07,+91 7248982108,policyholder10412@example.in,"110, Park Street",Mumbai,Maharashtra,400001,Health,2402000.00,2023-04-21,2027-04-29,0,0.00,91100.00,Active
POL10413,Ishaan Nair,Male,20,2006-09-03,+91 8173731368,policyholder10413@example.in,"78, MG Road",Mumbai,Maharashtra,400001,Motor,112000.00,2023-05-25,2027-09-02,0,0.00,3800.00,Active
POL10414,Rohan Pillai,Male,28,1997-11-14,+91 9792469549,policyholder10414@example.in,"42, Lake View Road",Hyderabad,Telangana,500001,Motor,711000.00,2022-06-11,2026-11-19,2,221500.00,12200.00,Active
POL10415,Riya Mehta,Female,42,1984-03-19,+91 9014526827,policyholder10415@example.in,"96, Station Road",Chennai,Tamil Nadu,600001,Health,407500.00,2025-10-09,2027-10-09,4,47000.00,6100.00,Lapsed
POL10416,Deepak Rao,Female,31,1995-02-04,+91 8993588063,policyholder10416@example.in,"82, MG Road",Bengaluru,Karnataka,560001,Motor,944500.00,2022-09-26,2024-09-25,0,0.00,18800.00,Lapsed
POL10417,Aditya Nair,Female,33,1992-10-11,+91 9637052581,policyholder10417@example.in,"159, Lake View Road",Delhi,Delhi,110001,Motor,547000.00,2026-06-28,2027-06-28,3,245000.00,17200.00,Lapsed
POL10418,Rahul Mehta,Male,44,1982-07-09,+91 7353843046,policyholder10418@example.in,"133, Lake View Road",Pune,Maharashtra,411001,Health,2256000.00,2024-08-12,2027-06-10,0,0.00,104800.00,Active
POL10419,Bhavna Kapoor,Male,67,1959-06-13,+91 7541097766,policyholder10419@example.in,"71, Lake View Road",Bengaluru,Karnataka,560001,Motor,548500.00,2024-12-27,2026-12-27,0,0.00,14300.00,Active
POL10420,Aarav Shah,Female,50,1976-02-19,+91 7464759857,policyholder10420@example.in,"122, Lake View Road",Delhi,Delhi,110001,Health,736500.00,2025-06-06,2026-06-06,0,0.00,27600.00,Lapsed
POL10421,Diya Mishra,Male,29,1997-01-19,+91 8224269614,policyholder10421@example.in,"129, Park Street",Mumbai,Maharashtra,400001,Health,1408000.00,2025-08-07,2027-08-07,1,283000.00,39600.00,Active
POL10422,Meera Shah,Female,43,1983-03-03,+91 7265388095,policyholder10422@example.in,"41, Park Street",Bengaluru,Karnataka,560001,Home,3230000.00,2022-10-02,2026-09-23,1,561000.00,69100.00,Active
POL10423,Akash Jain,Female,40,1986-05-20,+91 7150831315,policyholder10423@example.in,"105, MG Road",Delhi,Delhi,110001,Travel,473000.00,2023-04-21,2025-04-20,0,0.00,9000.00,Lapsed
POL10424,Arun Jain,Male,38,1987-09-24,+91 7069722863,policyholder10424@example.in,"142, Station Road",Pune,Maharashtra,411001,Health,1013500.00,2024-01-11,2027-03-23,1,167000.00,42100.00,Active
POL10425,Aarav Menon,Female,38,1988-09-13,+91 7678061974,policyholder10425@example.in,"33, Station Road",Chennai,Tamil Nadu,600001,Health,2414500.00,2021-11-23,2027-03-12,0,0.00,39100.00,Active
POL10426,Aditya Mishra,Female,55,1971-05-04,+91 7431098914,policyholder10426@example.in,"154, Park Street",Kolkata,West Bengal,700001,Motor,868000.00,2025-07-14,2026-11-17,2,162500.00,40900.00,Active
POL10427,Arjun Pillai,Female,54,1971-10-15,+91 7890342989,policyholder10427@example.in,"40, MG Road",Delhi,Delhi,110001,Travel,243500.00,2024-06-26,2027-07-25,0,0.00,4100.00,Active
POL10428,Ananya Reddy,Male,55,1970-11-24,+91 9248833312,policyholder10428@example.in,"38, Park Street",Mumbai,Maharashtra,400001,Motor,665500.00,2025-05-01,2027-05-01,4,390000.00,15200.00,Lapsed
POL10429,Aarav Mishra,Male,37,1989-02-14,+91 9355998859,policyholder10429@example.in,"59, MG Road",Hyderabad,Telangana,500001,Motor,624000.00,2022-12-28,2027-05-27,0,0.00,15700.00,Active
POL10430,Sneha Shetty,Male,40,1985-10-04,+91 7710572308,policyholder10430@example.in,"163, Lake View Road",Mumbai,Maharashtra,400001,Home,2873000.00,2024-05-01,2025-05-01,2,450000.00,132800.00,Lapsed
POL10431,Karan Menon,Male,29,1997-04-10,+91 7375181100,policyholder10431@example.in,"111, Station Road",Mumbai,Maharashtra,400001,Health,275000.00,2022-07-03,2027-06-21,1,71500.00,13000.00,Active
POL10432,Akash Mehta,Male,38,1988-01-21,+91 8747154138,policyholder10432@example.in,"38, MG Road",Chennai,Tamil Nadu,600001,Motor,304000.00,2026-01-13,2027-03-03,0,0.00,7100.00,Active
POL10433,Lakshmi Iyer,Other,25,2001-09-17,+91 7094398091,policyholder10433@example.in,"33, Station Road",Mumbai,Maharashtra,400001,Travel,228000.00,2026-07-11,2027-08-30,1,55500.00,9800.00,Active
POL10434,Rahul Iyer,Female,35,1991-02-07,+91 7642764957,policyholder10434@example.in,"116, Lake View Road",Bengaluru,Karnataka,560001,Motor,419500.00,2024-12-18,2027-12-18,0,0.00,7800.00,Active
POL10435,Yash Nair,Female,51,1974-11-30,+91 8079861257,policyholder10435@example.in,"123, Station Road",Pune,Maharashtra,411001,Motor,125500.00,2022-08-23,2027-08-28,1,29500.00,4700.00,Active
POL10436,Pooja Bhat,Male,41,1985-03-15,+91 7902043260,policyholder10436@example.in,"74, Station Road",Mumbai,Maharashtra,400001,Motor,207500.00,2023-03-09,2027-07-04,0,0.00,7200.00,Active
POL10437,Sanjay Patel,Female,75,1951-01-25,+91 7833484037,policyholder10437@example.in,"34, Park Street",Chennai,Tamil Nadu,600001,Motor,408500.00,2026-06-29,2028-06-28,1,82000.00,14400.00,Active
POL10438,Manish Kapoor,Female,66,1960-08-28,+91 9598218813,policyholder10438@example.in,"124, MG Road",Pune,Maharashtra,411001,Health,1113500.00,2022-04-14,2023-04-14,0,0.00,33500.00,Cancelled
POL10439,Sahil Shah,Male,26,2000-02-23,+91 9896389842,policyholder10439@example.in,"99, Lake View Road",Bengaluru,Karnataka,560001,Motor,311000.00,2026-01-25,2027-04-06,0,0.00,6000.00,Active
POL10440,Meera Shah,Female,51,1974-09-21,+91 9296451322,policyholder10440@example.in,"8, MG Road",Mumbai,Maharashtra,400001,Motor,944500.00,2025-05-17,2026-10-27,0,0.00,42300.00,Active
POL10441,Devika Kulkarni,Female,45,1981-04-17,+91 7392186263,policyholder10441@example.in,"24, MG Road",Mumbai,Maharashtra,400001,Health,2447500.00,2025-02-19,2027-02-19,1,538000.00,55800.00,Active
POL10442,Akash Menon,Female,49,1976-11-16,+91 8014940500,policyholder10442@example.in,"151, Park Street",Pune,Maharashtra,411001,Health,1095000.00,2022-11-25,2027-05-01,2,144500.00,52400.00,Active
POL10443,Arjun Kapoor,Male,74,1952-08-26,+91 8742861467,policyholder10443@example.in,"168, Station Road",Pune,Maharashtra,411001,Health,2241000.00,2024-12-17,2027-01-16,1,253000.00,101300.00,Active
POL10444,Lakshmi Verma,Female,27,1999-08-18,+91 8541636374,policyholder10444@example.in,"35, Lake View Road",Mumbai,Maharashtra,400001,Health,1860500.00,2023-02-11,2025-02-10,0,0.00,83400.00,Lapsed
POL10445,Aditya Menon,Male,49,1977-04-23,+91 8849493279,policyholder10445@example.in,"179, Park Street",Ahmedabad,Gujarat,380001,Health,1536000.00,2026-01-21,2028-01-21,0,0.00,69200.00,Active
POL10446,Kavya Srinivasan,Male,53,1973-02-06,+91 8476395699,policyholder10446@example.in,"63, MG Road",Hyderabad,Telangana,500001,Motor,570000.00,2022-06-17,2027-01-29,0,0.00,14400.00,Active
POL10447,Ananya Kulkarni,Male,46,1979-10-14,+91 7018111508,policyholder10447@example.in,"2, MG Road",Delhi,Delhi,110001,Health,1975500.00,2022-08-06,2027-08-29,0,0.00,65700.00,Active
POL10448,Nikhil Sharma,Female,34,1992-06-15,+91 7523007710,policyholder10448@example.in,"90, Lake View Road",Mumbai,Maharashtra,400001,Home,2673000.00,2025-09-30,2027-09-30,0,0.00,66800.00,Active
POL10449,Meera Chatterjee,Male,19,2007-05-07,+91 9996448418,policyholder10449@example.in,"166, Lake View Road",Bengaluru,Karnataka,560001,Motor,991500.00,2023-10-24,2027-04-11,0,0.00,29100.00,Active
POL10450,Yash Srinivasan,Male,55,1971-06-18,+91 9110865126,policyholder10450@example.in,"54, Lake View Road",Hyderabad,Telangana,500001,Health,1360000.00,2023-11-24,2027-08-29,0,0.00,48100.00,Active
POL10451,Neha Saxena,Female,47,1979-08-09,+91 9184693734,policyholder10451@example.in,"130, Park Street",Kolkata,West Bengal,700001,Motor,308500.00,2024-06-17,2026-10-02,3,93500.00,8600.00,Active
POL10452,Nikhil Patel,Female,40,1986-05-06,+91 7070964674,policyholder10452@example.in,"169, MG Road",Hyderabad,Telangana,500001,Health,1101500.00,2022-07-25,2027-06-13,0,0.00,46900.00,Active
POL10453,Ananya Shetty,Male,25,2001-08-17,+91 7116815409,policyholder10453@example.in,"57, MG Road",Bengaluru,Karnataka,560001,Health,1572000.00,2024-02-07,2027-08-03,2,261500.00,46000.00,Active
POL10454,Devika Chatterjee,Female,51,1974-09-28,+91 7974283287,policyholder10454@example.in,"170, MG Road",Hyderabad,Telangana,500001,Health,851000.00,2023-03-06,2027-02-14,0,0.00,13100.00,Active
POL10455,Aditi Saxena,Female,23,2003-06-23,+91 8423917000,policyholder10455@example.in,"28, Station Road",Chennai,Tamil Nadu,600001,Motor,901000.00,2022-04-23,2027-04-08,2,202500.00,11800.00,Active
POL10456,Riya Saxena,Male,73,1953-09-14,+91 9129213109,policyholder10456@example.in,"130, Park Street",Mumbai,Maharashtra,400001,Motor,653500.00,2026-08-16,2028-08-15,0,0.00,17800.00,Active
POL10457,Mohan Chatterjee,Female,29,1996-10-12,+91 8064731720,policyholder10457@example.in,"121, Station Road",Bengaluru,Karnataka,560001,Motor,134000.00,2026-06-16,2028-06-15,0,0.00,4700.00,Active
POL10458,Amrita Mishra,Male,30,1996-02-09,+91 8898349231,policyholder10458@example.in,"151, Lake View Road",Chennai,Tamil Nadu,600001,Motor,741000.00,2024-01-08,2027-02-25,0,0.00,26300.00,Active
POL10459,Sneha Nair,Female,62,1963-09-20,+91 9935371322,policyholder10459@example.in,"54, Lake View Road",Chennai,Tamil Nadu,600001,Home,3978500.00,2023-11-01,2027-01-01,4,1088500.00,171700.00,Active
POL10460,Aditya Sharma,Female,59,1967-01-07,+91 8555881692,policyholder10460@example.in,"60, Station Road",Delhi,Delhi,110001,Motor,460000.00,2025-02-05,2027-08-26,0,0.00,8200.00,Active
POL10461,Amrita Sharma,Female,24,2002-01-30,+91 8460820737,policyholder10461@example.in,"157, Station Road",Mumbai,Maharashtra,400001,Health,1153500.00,2021-09-22,2026-11-01,1,189000.00,29200.00,Active
POL10462,Deepak Chatterjee,Male,35,1991-05-26,+91 8628985701,policyholder10462@example.in,"75, MG Road",Kolkata,West Bengal,700001,Health,1937000.00,2025-03-09,2026-11-02,0,0.00,88000.00,Active
POL10463,Riya Sharma,Female,24,2002-02-20,+91 9249801078,policyholder10463@example.in,"12, Park Street",Mumbai,Maharashtra,400001,Health,1940500.00,2025-08-21,2027-03-05,0,0.00,44300.00,Active
POL10464,Sanjay Jain,Male,35,1991-03-02,+91 7024256831,policyholder10464@example.in,"133, Station Road",Hyderabad,Telangana,500001,Home,4612500.00,2026-04-03,2027-08-17,0,0.00,75900.00,Active
POL10465,Bhavna Reddy,Male,25,2001-05-19,+91 7596961159,policyholder10465@example.in,"11, Lake View Road",Pune,Maharashtra,411001,Motor,349500.00,2023-10-07,2026-09-28,4,48500.00,15700.00,Active
POL10466,Rohan Bhat,Male,57,1969-05-11,+91 7718140608,policyholder10466@example.in,"35, Station Road",Kolkata,West Bengal,700001,Motor,813000.00,2023-07-28,2026-11-14,4,183000.00,28100.00,Active
POL10467,Shreya Rao,Female,23,2003-03-08,+91 9663586704,policyholder10467@example.in,"54, MG Road",Pune,Maharashtra,411001,Health,1662000.00,2023-01-15,2026-12-21,2,571500.00,73200.00,Active
POL10468,Akash Mehta,Male,29,1997-09-12,+91 9861379136,policyholder10468@example.in,"72, Park Street",Delhi,Delhi,110001,Health,1325500.00,2026-05-11,2028-05-10,0,0.00,16000.00,Active
POL10469,Varun Rao,Female,48,1978-03-26,+91 9029468379,policyholder10469@example.in,"66, Lake View Road",Bengaluru,Karnataka,560001,Home,4657500.00,2022-07-10,2027-04-21,2,1714000.00,153400.00,Active
POL10470,Sneha Srinivasan,Male,24,2001-12-25,+91 9665066820,policyholder10470@example.in,"119, Station Road",Hyderabad,Telangana,500001,Home,2425000.00,2022-01-07,2027-03-10,2,288500.00,39500.00,Active
POL10471,Bhavna Srinivasan,Female,49,1977-08-15,+91 7838110279,policyholder10471@example.in,"38, Station Road",Pune,Maharashtra,411001,Motor,289000.00,2023-03-12,2027-02-18,0,0.00,10700.00,Active
POL10472,Zoya Shetty,Male,28,1997-10-27,+91 9598320263,policyholder10472@example.in,"37, Park Street",Kolkata,West Bengal,700001,Home,3682500.00,2022-02-09,2026-09-29,0,0.00,103500.00,Active
POL10473,Neha Reddy,Female,43,1983-06-04,+91 7615491085,policyholder10473@example.in,"136, Park Street",Mumbai,Maharashtra,400001,Health,1587000.00,2025-10-21,2027-04-26,4,468000.00,59200.00,Active
POL10474,Bhavna Chatterjee,Female,44,1982-08-04,+91 9078858705,policyholder10474@example.in,"162, Station Road",Ahmedabad,Gujarat,380001,Health,673500.00,2022-09-21,2026-10-19,2,131500.00,9700.00,Active
POL10475,Amrita Khan,Female,51,1975-03-11,+91 7783456369,policyholder10475@example.in,"40, Park Street",Pune,Maharashtra,411001,Health,1031000.00,2026-01-01,2027-01-01,2,89000.00,38800.00,Active
POL10476,Ananya Mehta,Male,53,1973-03-15,+91 8896615294,policyholder10476@example.in,"161, Station Road",Ahmedabad,Gujarat,380001,Motor,801500.00,2024-01-28,2026-10-03,1,100000.00,29200.00,Active
POL10477,Manish Sharma,Female,25,2001-07-10,+91 8334175173,policyholder10477@example.in,"134, Station Road",Bengaluru,Karnataka,560001,Health,1283500.00,2024-09-24,2027-06-17,1,120000.00,52000.00,Active
POL10478,Neha Nair,Female,28,1998-01-17,+91 7179331648,policyholder10478@example.in,"122, MG Road",Pune,Maharashtra,411001,Home,1131500.00,2026-02-26,2028-02-26,2,343500.00,32300.00,Lapsed
POL10479,Sahil Khan,Female,28,1997-10-06,+91 8978684401,policyholder10479@example.in,"166, Park Street",Kolkata,West Bengal,700001,Motor,847500.00,2023-10-14,2027-05-01,0,0.00,25500.00,Active
POL10480,Sanjay Srinivasan,Male,31,1995-04-30,+91 8801157043,policyholder10480@example.in,"24, Park Street",Hyderabad,Telangana,500001,Health,1517500.00,2023-12-10,2026-10-15,0,0.00,58600.00,Active
POL10481,Vikram Shah,Female,30,1995-10-06,+91 7149115048,policyholder10481@example.in,"131, Park Street",Pune,Maharashtra,411001,Motor,188000.00,2024-04-27,2026-04-27,0,0.00,6300.00,Cancelled
POL10482,Rahul Malhotra,Female,28,1998-03-04,+91 7087673090,policyholder10482@example.in,"107, Station Road",Pune,Maharashtra,411001,Motor,190000.00,2025-12-17,2028-12-16,0,0.00,7000.00,Lapsed
POL10483,Tanvi Malhotra,Female,32,1994-09-19,+91 7472319215,policyholder10483@example.in,"7, MG Road",Bengaluru,Karnataka,560001,Health,306500.00,2022-07-05,2026-12-22,0,0.00,11300.00,Active
POL10484,Karan Chatterjee,Male,33,1992-09-25,+91 9959066802,policyholder10484@example.in,"130, Station Road",Ahmedabad,Gujarat,380001,Motor,399500.00,2025-03-01,2027-01-02,0,0.00,5300.00,Active
POL10485,Bhavna Rao,Female,37,1989-02-05,+91 8596346801,policyholder10485@example.in,"151, Park Street",Ahmedabad,Gujarat,380001,Health,1079000.00,2024-09-12,2026-12-24,0,0.00,37100.00,Active
POL10486,Rahul Mehta,Male,74,1951-12-04,+91 8436671817,policyholder10486@example.in,"37, Station Road",Kolkata,West Bengal,700001,Travel,122500.00,2025-10-11,2027-10-11,0,0.00,4900.00,Active
POL10487,Rahul Mehta,Male,26,1999-09-20,+91 8505100409,policyholder10487@example.in,"38, Lake View Road",Bengaluru,Karnataka,560001,Health,569000.00,2024-12-05,2027-06-17,0,0.00,27000.00,Active
POL10488,Sahil Pillai,Male,53,1973-04-22,+91 8164459377,policyholder10488@example.in,"132, Lake View Road",Hyderabad,Telangana,500001,Motor,489000.00,2026-03-17,2027-03-17,2,75000.00,11600.00,Lapsed
POL10489,Aditi Singh,Female,30,1996-06-30,+91 7208316984,policyholder10489@example.in,"42, Station Road",Bengaluru,Karnataka,560001,Motor,700000.00,2026-04-08,2028-04-07,0,0.00,32000.00,Active
POL10490,Yash Reddy,Male,40,1985-12-16,+91 7620304583,policyholder10490@example.in,"15, Station Road",Mumbai,Maharashtra,400001,Travel,242000.00,2025-08-08,2028-08-07,2,44000.00,4200.00,Active
POL10491,Nikhil Saxena,Female,50,1976-01-14,+91 9246107609,policyholder10491@example.in,"8, Park Street",Bengaluru,Karnataka,560001,Travel,370500.00,2022-10-10,2024-10-09,0,0.00,11000.00,Lapsed
POL10492,Chaitanya Rao,Male,27,1999-08-05,+91 7630001569,policyholder10492@example.in,"160, Park Street",Mumbai,Maharashtra,400001,Motor,590000.00,2024-06-26,2026-06-26,0,0.00,12000.00,Lapsed
POL10493,Aditi Kapoor,Male,68,1957-10-14,+91 8731800854,policyholder10493@example.in,"111, MG Road",Hyderabad,Telangana,500001,Motor,919500.00,2022-04-26,2026-10-30,0,0.00,42900.00,Active
POL10494,Karan Bhat,Male,36,1990-08-19,+91 9000789331,policyholder10494@example.in,"40, MG Road",Ahmedabad,Gujarat,380001,Motor,803000.00,2026-07-19,2027-08-04,0,0.00,15300.00,Active
POL10495,Rahul Kulkarni,Female,55,1970-12-11,+91 9033473898,policyholder10495@example.in,"21, MG Road",Pune,Maharashtra,411001,Motor,979000.00,2025-08-06,2027-08-06,0,0.00,18700.00,Active
POL10496,Kavya Khan,Female,48,1977-10-28,+91 7176848171,policyholder10496@example.in,"56, MG Road",Kolkata,West Bengal,700001,Health,349500.00,2024-10-15,2027-05-04,0,0.00,5200.00,Active
POL10497,Varun Kulkarni,Male,28,1998-02-19,+91 8761757666,policyholder10497@example.in,"166, Lake View Road",Delhi,Delhi,110001,Motor,935500.00,2025-03-14,2026-12-24,0,0.00,23000.00,Active
POL10498,Chaitanya Nair,Female,34,1992-07-26,+91 8730855220,policyholder10498@example.in,"123, Park Street",Hyderabad,Telangana,500001,Motor,778500.00,2023-12-26,2027-01-23,0,0.00,29200.00,Active
POL10499,Arun Verma,Female,24,2002-05-19,+91 8976818292,policyholder10499@example.in,"99, Station Road",Hyderabad,Telangana,500001,Health,1369000.00,2026-05-03,2028-05-02,0,0.00,37200.00,Active
POL10500,Sanjay Shah,Male,25,2000-10-13,+91 7639211145,policyholder10500@example.in,"27, MG Road",Delhi,Delhi,110001,Motor,408500.00,2024-10-17,2027-01-08,0,0.00,7100.00,Active
POL10501,Aditya Verma,Male,32,1994-05-29,+91 9112582047,policyholder10501@example.in,"53, Lake View Road",Chennai,Tamil Nadu,600001,Health,1331500.00,2025-01-25,2027-01-25,2,388000.00,22200.00,Active
POL10502,Arun Srinivasan,Male,49,1976-09-27,+91 7771644306,policyholder10502@example.in,"34, Station Road",Bengaluru,Karnataka,560001,Health,1327000.00,2022-09-28,2027-05-01,0,0.00,62300.00,Active
POL10503,Diya Bhat,Female,42,1984-08-26,+91 9044168138,policyholder10503@example.in,"141, Lake View Road",Hyderabad,Telangana,500001,Health,1428500.00,2025-01-13,2027-01-28,0,0.00,29400.00,Active
POL10504,Manish Shetty,Male,50,1976-04-03,+91 7813441372,policyholder10504@example.in,"148, Station Road",Bengaluru,Karnataka,560001,Motor,770500.00,2024-11-10,2027-11-10,0,0.00,20300.00,Active
POL10505,Vikram Mishra,Female,34,1992-06-06,+91 9687474570,policyholder10505@example.in,"133, Station Road",Pune,Maharashtra,411001,Travel,384500.00,2024-01-09,2027-09-02,1,66000.00,12200.00,Active
POL10506,Sneha Pillai,Male,53,1973-09-09,+91 9327852078,policyholder10506@example.in,"69, Lake View Road",Chennai,Tamil Nadu,600001,Motor,576000.00,2021-12-12,2027-01-20,0,0.00,20900.00,Active
POL10507,Sanjay Mishra,Male,33,1993-03-02,+91 8809908874,policyholder10507@example.in,"54, Station Road",Mumbai,Maharashtra,400001,Home,2268000.00,2023-05-29,2027-08-18,0,0.00,49600.00,Active
POL10508,Karan Patel,Male,48,1978-03-25,+91 7542534193,policyholder10508@example.in,"27, Lake View Road",Kolkata,West Bengal,700001,Health,1010500.00,2024-09-24,2026-11-18,4,597000.00,28200.00,Active
POL10509,Arun Srinivasan,Female,39,1987-01-20,+91 8578773773,policyholder10509@example.in,"12, Station Road",Pune,Maharashtra,411001,Home,1103500.00,2026-07-04,2027-07-04,0,0.00,48200.00,Active
POL10510,Chaitanya Kapoor,Male,38,1987-12-20,+91 8449221870,policyholder10510@example.in,"45, Station Road",Hyderabad,Telangana,500001,Motor,487500.00,2024-07-27,2027-06-25,0,0.00,14000.00,Active
POL10511,Rahul Mishra,Male,45,1980-10-17,+91 7137105763,policyholder10511@example.in,"139, Station Road",Kolkata,West Bengal,700001,Health,2077000.00,2025-03-25,2027-07-01,0,0.00,89400.00,Active
POL10512,Kavya Bhat,Male,32,1994-04-15,+91 9671783674,policyholder10512@example.in,"50, Lake View Road",Hyderabad,Telangana,500001,Travel,318500.00,2024-04-30,2026-11-17,0,0.00,11600.00,Active
POL10513,Vikram Khan,Male,56,1970-03-19,+91 8617979162,policyholder10513@example.in,"144, Station Road",Mumbai,Maharashtra,400001,Health,2478500.00,2022-09-24,2026-11-05,0,0.00,100200.00,Active
POL10514,Mohan Jain,Female,58,1968-05-26,+91 7512720440,policyholder10514@example.in,"84, Lake View Road",Bengaluru,Karnataka,560001,Health,537500.00,2024-12-30,2027-12-30,2,60000.00,17300.00,Active
POL10515,Nikhil Pillai,Female,20,2006-01-04,+91 9819670134,policyholder10515@example.in,"175, Station Road",Bengaluru,Karnataka,560001,Home,3057500.00,2023-11-27,2025-11-26,0,0.00,38000.00,Cancelled
POL10516,Nikhil Saxena,Male,40,1986-01-25,+91 7062165352,policyholder10516@example.in,"80, MG Road",Ahmedabad,Gujarat,380001,Home,2270500.00,2025-04-20,2026-12-31,5,219500.00,31500.00,Active
POL10517,Mohan Verma,Female,24,2001-11-13,+91 7872663569,policyholder10517@example.in,"96, Lake View Road",Pune,Maharashtra,411001,Health,1531500.00,2026-03-30,2027-03-30,0,0.00,41000.00,Active
POL10518,Sneha Iyer,Male,54,1972-02-02,+91 7151657771,policyholder10518@example.in,"66, Lake View Road",Delhi,Delhi,110001,Health,2142500.00,2021-11-06,2026-12-04,0,0.00,33400.00,Active
POL10519,Shreya Mehta,Male,33,1993-08-28,+91 9501174708,policyholder10519@example.in,"135, MG Road",Delhi,Delhi,110001,Motor,346000.00,2025-07-12,2028-07-11,0,0.00,8000.00,Active
POL10520,Rohan Jain,Male,51,1974-11-22,+91 8302344206,policyholder10520@example.in,"157, Lake View Road",Mumbai,Maharashtra,400001,Health,1972000.00,2023-11-16,2027-02-08,1,409500.00,93600.00,Active
POL10521,Vikram Malhotra,Male,45,1981-07-31,+91 8139575594,policyholder10521@example.in,"165, MG Road",Chennai,Tamil Nadu,600001,Motor,217500.00,2023-10-20,2027-03-14,0,0.00,7500.00,Active
POL10522,Riya Khan,Female,21,2005-09-13,+91 7101439514,policyholder10522@example.in,"49, Park Street",Mumbai,Maharashtra,400001,Health,787000.00,2022-09-24,2026-12-17,0,0.00,19400.00,Active
POL10523,Arun Rao,Male,27,1998-10-12,+91 8106206612,policyholder10523@example.in,"33, Park Street",Bengaluru,Karnataka,560001,Health,1761500.00,2022-10-13,2026-12-01,4,243000.00,64200.00,Active
POL10524,Aditya Pillai,Female,46,1979-10-07,+91 8517025100,policyholder10524@example.in,"146, Park Street",Mumbai,Maharashtra,400001,Health,2330000.00,2024-04-10,2026-09-20,0,0.00,71000.00,Active
POL10525,Devika Menon,Female,52,1973-12-08,+91 8038243229,policyholder10525@example.in,"19, Lake View Road",Hyderabad,Telangana,500001,Health,1555000.00,2022-01-16,2027-08-31,0,0.00,58000.00,Active
POL10526,Amrita Shah,Female,53,1972-12-27,+91 7817340504,policyholder10526@example.in,"112, MG Road",Hyderabad,Telangana,500001,Motor,369500.00,2024-06-09,2027-06-09,0,0.00,17500.00,Active
POL10527,Varun Mishra,Male,20,2005-12-23,+91 8589185925,policyholder10527@example.in,"144, MG Road",Pune,Maharashtra,411001,Health,1178000.00,2025-05-08,2027-01-22,0,0.00,18000.00,Active
POL10528,Rohan Rao,Male,40,1985-12-03,+91 8229313357,policyholder10528@example.in,"105, Lake View Road",Pune,Maharashtra,411001,Health,2462500.00,2024-03-26,2026-12-27,0,0.00,96400.00,Active
POL10529,Meera Menon,Female,32,1994-02-10,+91 9468196119,policyholder10529@example.in,"81, Park Street",Chennai,Tamil Nadu,600001,Motor,264500.00,2025-12-27,2028-12-26,0,0.00,4800.00,Lapsed
POL10530,Amrita Singh,Male,44,1982-02-06,+91 7471763914,policyholder10530@example.in,"143, MG Road",Hyderabad,Telangana,500001,Health,1057500.00,2025-08-05,2027-08-05,0,0.00,33700.00,Active
POL10531,Amrita Shetty,Male,25,2001-09-14,+91 7454501201,policyholder10531@example.in,"91, Park Street",Delhi,Delhi,110001,Health,1967000.00,2026-02-06,2028-02-06,0,0.00,66100.00,Active
POL10532,Deepak Shah,Female,59,1966-10-03,+91 7007606063,policyholder10532@example.in,"14, Lake View Road",Ahmedabad,Gujarat,380001,Health,1288500.00,2022-12-12,2027-04-02,0,0.00,49500.00,Active
POL10533,Pooja Mishra,Female,19,2007-06-20,+91 7679935771,policyholder10533@example.in,"107, Park Street",Kolkata,West Bengal,700001,Health,1899000.00,2023-02-11,2026-12-31,1,406500.00,66300.00,Active
POL10534,Devika Mishra,Male,49,1976-12-16,+91 9295860533,policyholder10534@example.in,"112, MG Road",Mumbai,Maharashtra,400001,Motor,304000.00,2022-07-05,2027-02-18,2,90000.00,6300.00,Active
POL10535,Vikram Mishra,Female,70,1956-02-17,+91 8629487903,policyholder10535@example.in,"69, MG Road",Mumbai,Maharashtra,400001,Travel,71500.00,2022-10-16,2027-01-16,3,10500.00,2500.00,Active
POL10536,Vikram Kapoor,Male,41,1984-11-11,+91 9583904071,policyholder10536@example.in,"37, MG Road",Hyderabad,Telangana,500001,Health,1656500.00,2024-10-04,2027-07-15,5,941000.00,75700.00,Active
POL10537,Arun Menon,Female,44,1982-09-16,+91 7410608958,policyholder10537@example.in,"69, Station Road",Pune,Maharashtra,411001,Health,1361000.00,2023-02-25,2027-03-27,2,201000.00,28600.00,Active
POL10538,Pooja Mishra,Male,63,1963-06-08,+91 9943719331,policyholder10538@example.in,"171, MG Road",Chennai,Tamil Nadu,600001,Health,1186500.00,2026-06-24,2027-06-24,0,0.00,40200.00,Active
POL10539,Zoya Singh,Female,58,1967-10-26,+91 7679559744,policyholder10539@example.in,"176, MG Road",Delhi,Delhi,110001,Motor,889500.00,2026-07-02,2027-07-02,0,0.00,14800.00,Active
POL10540,Mohan Patel,Male,42,1984-06-11,+91 9455628927,policyholder10540@example.in,"86, MG Road",Pune,Maharashtra,411001,Motor,353500.00,2026-08-16,2027-08-16,0,0.00,5700.00,Lapsed
POL10541,Vikram Shetty,Female,49,1977-01-21,+91 8549370978,policyholder10541@example.in,"176, Station Road",Pune,Maharashtra,411001,Home,3724500.00,2024-11-04,2027-06-19,0,0.00,107300.00,Active
POL10542,Akash Shah,Male,68,1958-04-04,+91 7910247813,policyholder10542@example.in,"101, Park Street",Hyderabad,Telangana,500001,Home,4276000.00,2025-05-13,2027-05-13,0,0.00,168600.00,Active
POL10543,Isha Mehta,Male,18,2007-10-12,+91 8702926007,policyholder10543@example.in,"21, MG Road",Mumbai,Maharashtra,400001,Motor,937000.00,2022-11-15,2023-11-15,0,0.00,17800.00,Lapsed
POL10544,Arjun Menon,Female,34,1992-03-01,+91 7158285170,policyholder10544@example.in,"44, Lake View Road",Hyderabad,Telangana,500001,Home,2113500.00,2026-04-03,2027-04-03,1,328000.00,60000.00,Active
POL10545,Deepak Srinivasan,Male,51,1974-10-24,+91 8516047288,policyholder10545@example.in,"67, Lake View Road",Mumbai,Maharashtra,400001,Motor,458000.00,2025-02-10,2028-02-10,2,91500.00,12800.00,Cancelled
POL10546,Meera Shah,Male,55,1971-04-03,+91 8860929951,policyholder10546@example.in,"167, Lake View Road",Delhi,Delhi,110001,Health,2378000.00,2025-03-14,2027-07-27,0,0.00,104800.00,Active
POL10547,Varun Bhat,Male,35,1991-07-27,+91 8121856987,policyholder10547@example.in,"128, Lake View Road",Ahmedabad,Gujarat,380001,Home,1062500.00,2022-06-19,2026-12-01,0,0.00,16400.00,Active
POL10548,Bhavna Sharma,Female,63,1963-07-08,+91 7079155260,policyholder10548@example.in,"43, Lake View Road",Pune,Maharashtra,411001,Health,1258000.00,2024-04-03,2026-11-07,0,0.00,57500.00,Active
POL10549,Rahul Shah,Male,25,2001-09-01,+91 8326175392,policyholder10549@example.in,"123, Park Street",Mumbai,Maharashtra,400001,Health,2283000.00,2024-12-22,2027-01-09,1,247500.00,74400.00,Active
POL10550,Sneha Reddy,Female,51,1974-11-08,+91 7729566771,policyholder10550@example.in,"100, Lake View Road",Ahmedabad,Gujarat,380001,Motor,499000.00,2026-07-01,2028-06-30,0,0.00,10000.00,Active
POL10551,Ananya Jain,Female,38,1987-09-24,+91 9205744833,policyholder10551@example.in,"37, Station Road",Chennai,Tamil Nadu,600001,Health,1981500.00,2024-07-13,2025-07-13,0,0.00,69500.00,Cancelled
POL10552,Amrita Iyer,Male,62,1964-09-16,+91 8084647078,policyholder10552@example.in,"14, Park Street",Chennai,Tamil Nadu,600001,Motor,425000.00,2026-07-07,2027-07-07,0,0.00,16900.00,Active
POL10553,Aditi Kulkarni,Female,33,1993-01-23,+91 9387407400,policyholder10553@example.in,"87, Station Road",Bengaluru,Karnataka,560001,Motor,310500.00,2026-05-05,2029-05-04,1,42500.00,12600.00,Active
POL10554,Shreya Malhotra,Male,73,1953-04-09,+91 8948456905,policyholder10554@example.in,"175, Lake View Road",Pune,Maharashtra,411001,Health,354500.00,2022-10-15,2027-02-07,0,0.00,4300.00,Active
POL10555,Manish Malhotra,Male,31,1994-09-24,+91 8489930530,policyholder10555@example.in,"107, Station Road",Pune,Maharashtra,411001,Health,1048500.00,2021-09-22,2027-09-03,0,0.00,18600.00,Active
POL10556,Mohan Mehta,Female,54,1972-08-03,+91 9309310172,policyholder10556@example.in,"32, Lake View Road",Hyderabad,Telangana,500001,Motor,646000.00,2024-03-29,2027-01-29,1,68000.00,8700.00,Active
POL10557,Bhavna Nair,Male,18,2008-07-22,+91 9998215030,policyholder10557@example.in,"156, Station Road",Kolkata,West Bengal,700001,Motor,792500.00,2024-04-27,2027-04-10,0,0.00,33500.00,Active
POL10558,Aditya Patel,Female,47,1979-01-08,+91 8538261011,policyholder10558@example.in,"105, Station Road",Delhi,Delhi,110001,Home,1776000.00,2023-02-09,2027-09-08,2,537000.00,68100.00,Active
POL10559,Bhavna Kulkarni,Male,49,1977-07-28,+91 9566599941,policyholder10559@example.in,"13, MG Road",Bengaluru,Karnataka,560001,Health,1027500.00,2024-02-18,2027-02-17,0,0.00,19400.00,Active
POL10560,Deepak Verma,Female,31,1995-04-09,+91 7631722587,policyholder10560@example.in,"74, Lake View Road",Mumbai,Maharashtra,400001,Travel,474500.00,2026-03-04,2028-03-03,0,0.00,12100.00,Active
POL10561,Yash Shah,Female,39,1987-06-15,+91 7679483105,policyholder10561@example.in,"141, Park Street",Kolkata,West Bengal,700001,Health,1122000.00,2025-06-09,2026-09-27,1,140500.00,40000.00,Active
POL10562,Manish Malhotra,Male,26,2000-03-10,+91 9950230756,policyholder10562@example.in,"65, MG Road",Bengaluru,Karnataka,560001,Health,2296500.00,2021-12-18,2026-11-11,0,0.00,31200.00,Active
POL10563,Nikhil Khan,Male,33,1993-07-10,+91 8514896917,policyholder10563@example.in,"93, Lake View Road",Delhi,Delhi,110001,Motor,594000.00,2024-09-17,2027-03-31,2,124500.00,17700.00,Active
POL10564,Isha Kulkarni,Male,19,2007-08-03,+91 7016353435,policyholder10564@example.in,"158, Station Road",Chennai,Tamil Nadu,600001,Travel,311500.00,2026-01-28,2028-01-28,0,0.00,10000.00,Active
POL10565,Ananya Deshmukh,Male,38,1988-04-26,+91 7215105826,policyholder10565@example.in,"69, Park Street",Pune,Maharashtra,411001,Motor,378500.00,2022-04-22,2027-02-18,1,31000.00,5100.00,Active
POL10566,Devika Iyer,Male,54,1972-07-23,+91 9034232614,policyholder10566@example.in,"165, Park Street",Ahmedabad,Gujarat,380001,Motor,179500.00,2023-11-10,2027-04-30,0,0.00,4100.00,Active
POL10567,Sanjay Saxena,Female,39,1987-03-08,+91 9639715513,policyholder10567@example.in,"75, Park Street",Bengaluru,Karnataka,560001,Health,285000.00,2026-06-03,2027-06-03,0,0.00,4500.00,Active
POL10568,Meera Saxena,Female,38,1988-06-15,+91 8740784616,policyholder10568@example.in,"57, Park Street",Pune,Maharashtra,411001,Motor,199500.00,2021-11-16,2027-03-31,0,0.00,2700.00,Active
POL10569,Aditya Khan,Male,36,1990-03-05,+91 8134351447,policyholder10569@example.in,"125, Lake View Road",Hyderabad,Telangana,500001,Motor,574000.00,2021-09-30,2026-09-26,1,76500.00,11600.00,Active
POL10570,Gaurav Reddy,Female,38,1988-09-01,+91 9053113725,policyholder10570@example.in,"137, Lake View Road",Chennai,Tamil Nadu,600001,Motor,771000.00,2022-11-20,2027-03-06,0,0.00,28800.00,Active
POL10571,Deepak Singh,Female,25,2001-03-19,+91 7189714002,policyholder10571@example.in,"62, Park Street",Delhi,Delhi,110001,Home,3314000.00,2024-07-13,2027-06-07,0,0.00,124700.00,Active
POL10572,Devika Shetty,Female,55,1971-06-08,+91 8861294732,policyholder10572@example.in,"130, Station Road",Mumbai,Maharashtra,400001,Motor,420500.00,2023-08-20,2024-08-19,2,35500.00,7100.00,Lapsed
POL10573,Akash Mishra,Male,40,1986-02-18,+91 8079659449,policyholder10573@example.in,"143, MG Road",Hyderabad,Telangana,500001,Motor,526500.00,2024-07-06,2027-07-06,0,0.00,23100.00,Active
POL10574,Varun Mishra,Male,68,1958-02-12,+91 8508018459,policyholder10574@example.in,"51, Lake View Road",Chennai,Tamil Nadu,600001,Motor,892000.00,2023-11-22,2027-01-10,0,0.00,13500.00,Active
POL10575,Mohan Mishra,Female,75,1951-01-06,+91 8159703316,policyholder10575@example.in,"61, Station Road",Mumbai,Maharashtra,400001,Health,1418000.00,2026-07-10,2028-07-09,1,323000.00,45600.00,Active
POL10576,Isha Menon,Female,61,1965-03-07,+91 9429285554,policyholder10576@example.in,"39, MG Road",Mumbai,Maharashtra,400001,Health,1068000.00,2026-07-17,2027-07-17,0,0.00,45200.00,Active
POL10577,Varun Jain,Female,22,2004-05-11,+91 8353842606,policyholder10577@example.in,"123, Park Street",Mumbai,Maharashtra,400001,Health,1080000.00,2026-06-07,2028-06-06,3,93500.00,38600.00,Lapsed
POL10578,Lakshmi Bhat,Male,47,1979-06-30,+91 7755569398,policyholder10578@example.in,"176, Park Street",Ahmedabad,Gujarat,380001,Motor,303000.00,2026-01-17,2027-04-28,1,43500.00,3700.00,Active
POL10579,Aditya Srinivasan,Female,38,1988-09-12,+91 8018575234,policyholder10579@example.in,"92, Lake View Road",Mumbai,Maharashtra,400001,Health,983000.00,2026-02-05,2028-02-05,0,0.00,39200.00,Active
POL10580,Pranav Menon,Male,46,1980-06-14,+91 9462764574,policyholder10580@example.in,"102, Lake View Road",Kolkata,West Bengal,700001,Health,2030500.00,2025-09-28,2027-09-28,3,634500.00,77400.00,Active
POL10581,Gaurav Iyer,Other,33,1992-10-24,+91 9168900850,policyholder10581@example.in,"69, Park Street",Pune,Maharashtra,411001,Health,845500.00,2024-08-30,2026-11-05,0,0.00,13000.00,Active
POL10582,Rohan Patel,Female,43,1983-06-30,+91 7975876381,policyholder10582@example.in,"149, Park Street",Bengaluru,Karnataka,560001,Motor,584000.00,2023-03-16,2027-01-19,1,66000.00,13400.00,Active
POL10583,Diya Singh,Male,51,1974-10-21,+91 9440183663,policyholder10583@example.in,"64, Lake View Road",Bengaluru,Karnataka,560001,Motor,639500.00,2023-09-28,2027-02-18,0,0.00,24500.00,Active
POL10584,Pooja Bhat,Male,41,1984-12-25,+91 9301122812,policyholder10584@example.in,"147, Lake View Road",Mumbai,Maharashtra,400001,Health,2226000.00,2026-06-26,2028-06-25,0,0.00,93200.00,Active
POL10585,Vikram Sharma,Male,35,1991-01-14,+91 7931796530,policyholder10585@example.in,"7, MG Road",Kolkata,West Bengal,700001,Motor,597500.00,2024-05-14,2027-01-03,0,0.00,20400.00,Active
POL10586,Pranav Shetty,Female,50,1976-05-08,+91 7211024746,policyholder10586@example.in,"178, Station Road",Pune,Maharashtra,411001,Home,4008500.00,2025-09-16,2027-09-11,0,0.00,168900.00,Active
POL10587,Aarav Reddy,Female,45,1980-10-13,+91 7599231808,policyholder10587@example.in,"26, MG Road",Chennai,Tamil Nadu,600001,Motor,608000.00,2022-01-28,2026-11-24,0,0.00,7500.00,Active
POL10588,Aditya Mehta,Female,37,1989-08-25,+91 7260583570,policyholder10588@example.in,"12, Station Road",Pune,Maharashtra,411001,Health,1985000.00,2022-03-14,2027-07-09,0,0.00,32600.00,Active
POL10589,Aditya Malhotra,Female,39,1986-09-30,+91 8802113064,policyholder10589@example.in,"100, Park Street",Pune,Maharashtra,411001,Motor,271000.00,2026-06-22,2029-06-21,0,0.00,10900.00,Active
POL10590,Arjun Reddy,Female,40,1986-02-19,+91 9514884365,policyholder10590@example.in,"170, Lake View Road",Delhi,Delhi,110001,Health,391000.00,2024-07-31,2027-07-31,2,111500.00,5300.00,Active
POL10591,Karan Reddy,Male,51,1975-07-30,+91 9577464542,policyholder10591@example.in,"128, Lake View Road",Hyderabad,Telangana,500001,Health,306000.00,2024-08-03,2026-09-27,0,0.00,10800.00,Active
POL10592,Pooja Singh,Female,34,1992-02-25,+91 8358361387,policyholder10592@example.in,"48, MG Road",Delhi,Delhi,110001,Motor,339000.00,2026-05-03,2029-05-02,0,0.00,15700.00,Active
POL10593,Rahul Mishra,Female,37,1989-01-08,+91 9848907698,policyholder10593@example.in,"130, Lake View Road",Mumbai,Maharashtra,400001,Motor,449000.00,2025-06-12,2027-06-12,0,0.00,12700.00,Active
POL10594,Pooja Bhat,Male,19,2007-08-04,+91 7655931067,policyholder10594@example.in,"48, Station Road",Ahmedabad,Gujarat,380001,Health,2009500.00,2024-04-05,2025-04-05,0,0.00,67400.00,Lapsed
POL10595,Aarav Sharma,Male,20,2006-03-01,+91 9092230139,policyholder10595@example.in,"163, Lake View Road",Mumbai,Maharashtra,400001,Motor,707500.00,2025-05-28,2027-07-21,4,212500.00,13800.00,Active
POL10596,Karan Shetty,Female,55,1970-12-03,+91 8738909257,policyholder10596@example.in,"160, Park Street",Chennai,Tamil Nadu,600001,Health,944000.00,2025-02-12,2027-06-05,0,0.00,43900.00,Active
POL10597,Lakshmi Chatterjee,Male,30,1995-12-11,+91 8987973523,policyholder10597@example.in,"82, Lake View Road",Chennai,Tamil Nadu,600001,Motor,856500.00,2022-06-22,2027-04-13,1,117500.00,26000.00,Active
POL10598,Bhavna Nair,Female,28,1997-12-17,+91 8848364421,policyholder10598@example.in,"96, Lake View Road",Delhi,Delhi,110001,Health,691500.00,2024-12-19,2026-12-19,4,374500.00,13400.00,Cancelled
POL10599,Pranav Nair,Male,29,1997-01-04,+91 7546104860,policyholder10599@example.in,"138, Park Street",Chennai,Tamil Nadu,600001,Health,511500.00,2025-04-06,2027-04-06,0,0.00,15700.00,Active
POL10600,Isha Verma,Female,37,1989-04-14,+91 8367327006,policyholder10600@example.in,"107, Park Street",Kolkata,West Bengal,700001,Motor,307000.00,2024-03-15,2026-11-27,2,102000.00,14500.00,Active
POL10601,Sneha Kulkarni,Male,26,2000-03-25,+91 7972961803,policyholder10601@example.in,"82, Park Street",Bengaluru,Karnataka,560001,Home,4469000.00,2026-07-20,2029-07-19,5,1438000.00,151500.00,Active
POL10602,Sahil Mehta,Male,28,1997-09-28,+91 8820830081,policyholder10602@example.in,"137, MG Road",Delhi,Delhi,110001,Health,228000.00,2026-04-26,2029-04-25,4,53500.00,4500.00,Lapsed
POL10603,Amrita Patel,Male,18,2008-08-18,+91 7551682903,policyholder10603@example.in,"137, Station Road",Bengaluru,Karnataka,560001,Health,863000.00,2021-10-09,2027-05-13,1,170000.00,22100.00,Active
POL10604,Nikhil Verma,Female,52,1974-04-22,+91 8544824636,policyholder10604@example.in,"75, Park Street",Mumbai,Maharashtra,400001,Home,4660500.00,2023-05-23,2026-11-23,0,0.00,128500.00,Active
POL10605,Aditya Srinivasan,Female,32,1994-04-29,+91 9790442405,policyholder10605@example.in,"95, MG Road",Bengaluru,Karnataka,560001,Health,1010000.00,2022-06-04,2027-06-08,1,168500.00,39300.00,Active
POL10606,Aditya Srinivasan,Male,45,1980-10-18,+91 9172063060,policyholder10606@example.in,"72, Park Street",Hyderabad,Telangana,500001,Home,2525500.00,2021-11-10,2026-12-03,0,0.00,104900.00,Active
POL10607,Manish Rao,Male,23,2003-02-12,+91 7623960268,policyholder10607@example.in,"24, Lake View Road",Hyderabad,Telangana,500001,Motor,847500.00,2025-01-30,2026-01-30,2,309500.00,20300.00,Lapsed
POL10608,Neha Chatterjee,Female,23,2002-12-09,+91 8354427606,policyholder10608@example.in,"65, Park Street",Mumbai,Maharashtra,400001,Motor,583000.00,2024-03-03,2027-03-03,0,0.00,24400.00,Active
POL10609,Deepak Pillai,Female,51,1974-12-11,+91 8582442632,policyholder10609@example.in,"94, Park Street",Delhi,Delhi,110001,Health,1423000.00,2021-12-27,2027-04-27,0,0.00,46900.00,Active
POL10610,Ishaan Mehta,Male,27,1999-08-22,+91 7833883375,policyholder10610@example.in,"70, MG Road",Delhi,Delhi,110001,Travel,386000.00,2023-10-19,2027-03-15,2,141000.00,17800.00,Active
POL10611,Gaurav Nair,Male,44,1981-12-29,+91 7348640849,policyholder10611@example.in,"49, Station Road",Hyderabad,Telangana,500001,Travel,436500.00,2025-11-06,2027-11-06,1,85500.00,12400.00,Active
POL10612,Bhavna Nair,Male,34,1992-03-18,+91 7965710305,policyholder10612@example.in,"69, Park Street",Pune,Maharashtra,411001,Health,2405500.00,2023-02-23,2027-03-03,3,634000.00,35100.00,Active
POL10613,Pranav Rao,Male,42,1984-08-04,+91 9038559526,policyholder10613@example.in,"60, Park Street",Delhi,Delhi,110001,Motor,633500.00,2022-09-13,2026-09-30,0,0.00,8400.00,Active
POL10614,Tanvi Mishra,Female,57,1968-11-15,+91 7059206522,policyholder10614@example.in,"53, Station Road",Kolkata,West Bengal,700001,Motor,276500.00,2024-06-30,2026-10-11,0,0.00,6000.00,Active
POL10615,Arun Saxena,Male,54,1971-11-27,+91 9464814794,policyholder10615@example.in,"155, MG Road",Ahmedabad,Gujarat,380001,Travel,228500.00,2024-06-02,2026-10-16,0,0.00,9400.00,Active
POL10616,Isha Chatterjee,Female,54,1972-08-16,+91 7665074682,policyholder10616@example.in,"25, Park Street",Ahmedabad,Gujarat,380001,Home,3590000.00,2024-01-30,2027-08-04,0,0.00,127600.00,Active
POL10617,Gaurav Pillai,Male,49,1977-01-27,+91 9256928177,policyholder10617@example.in,"116, Lake View Road",Delhi,Delhi,110001,Health,2405000.00,2025-07-15,2027-08-31,0,0.00,39700.00,Active
POL10618,Varun Rao,Male,43,1982-12-23,+91 9036518116,policyholder10618@example.in,"177, Station Road",Kolkata,West Bengal,700001,Health,1733500.00,2026-07-11,2027-07-11,0,0.00,35600.00,Active
POL10619,Aarav Mishra,Male,27,1999-01-19,+91 9252669307,policyholder10619@example.in,"127, Lake View Road",Bengaluru,Karnataka,560001,Health,756000.00,2022-05-13,2027-08-25,2,145000.00,20600.00,Active
POL10620,Rahul Iyer,Male,31,1994-12-21,+91 8922331592,policyholder10620@example.in,"174, Lake View Road",Delhi,Delhi,110001,Motor,555500.00,2023-11-24,2027-07-27,1,127500.00,20200.00,Active
POL10621,Ananya Kapoor,Female,54,1971-10-23,+91 9962373880,policyholder10621@example.in,"152, Lake View Road",Ahmedabad,Gujarat,380001,Health,926000.00,2025-06-07,2026-09-20,0,0.00,24100.00,Active
POL10622,Jaya Mehta,Female,29,1997-06-02,+91 8118581874,policyholder10622@example.in,"119, Park Street",Pune,Maharashtra,411001,Health,2384500.00,2026-05-18,2029-05-17,3,489000.00,60400.00,Lapsed
POL10623,Varun Bhat,Male,28,1997-12-28,+91 8669716059,policyholder10623@example.in,"127, MG Road",Bengaluru,Karnataka,560001,Home,2788000.00,2024-02-02,2027-07-24,1,285000.00,67300.00,Active
POL10624,Amrita Malhotra,Male,55,1970-10-22,+91 8767047151,policyholder10624@example.in,"169, Park Street",Kolkata,West Bengal,700001,Health,674500.00,2021-11-14,2027-09-01,0,0.00,26800.00,Active
POL10625,Isha Mehta,Male,29,1997-01-12,+91 7274559979,policyholder10625@example.in,"87, Lake View Road",Chennai,Tamil Nadu,600001,Health,1410000.00,2025-09-27,2027-06-04,0,0.00,16900.00,Active
POL10626,Ishaan Reddy,Male,48,1978-03-12,+91 8724107241,policyholder10626@example.in,"111, Lake View Road",Kolkata,West Bengal,700001,Motor,627500.00,2025-11-16,2027-11-16,0,0.00,14300.00,Active
POL10627,Rahul Khan,Male,37,1989-02-02,+91 8500047205,policyholder10627@example.in,"73, MG Road",Bengaluru,Karnataka,560001,Health,404000.00,2021-10-23,2027-09-09,1,67500.00,14200.00,Active
POL10628,Zoya Srinivasan,Female,55,1970-11-21,+91 9243806597,policyholder10628@example.in,"138, MG Road",Hyderabad,Telangana,500001,Motor,780000.00,2024-10-19,2026-10-07,4,92000.00,10300.00,Active
POL10629,Devika Verma,Male,30,1996-04-24,+91 7674301268,policyholder10629@example.in,"19, Park Street",Pune,Maharashtra,411001,Home,4978500.00,2024-01-24,2027-05-14,0,0.00,228800.00,Active
POL10630,Rahul Malhotra,Female,35,1991-07-16,+91 8669506524,policyholder10630@example.in,"72, MG Road",Chennai,Tamil Nadu,600001,Motor,612000.00,2026-07-03,2027-07-03,1,130500.00,20000.00,Active
POL10631,Aditya Verma,Female,22,2004-05-23,+91 7273129666,policyholder10631@example.in,"30, MG Road",Kolkata,West Bengal,700001,Motor,531000.00,2024-04-08,2026-12-03,4,151000.00,16400.00,Active
POL10632,Kavya Bhat,Male,21,2005-01-07,+91 7565560763,policyholder10632@example.in,"64, Lake View Road",Delhi,Delhi,110001,Home,1829500.00,2021-11-20,2026-11-26,0,0.00,78300.00,Active
POL10633,Pooja Srinivasan,Male,59,1967-08-14,+91 9868101494,policyholder10633@example.in,"50, Park Street",Bengaluru,Karnataka,560001,Motor,592000.00,2023-05-17,2026-12-15,0,0.00,9000.00,Active
POL10634,Gaurav Singh,Female,53,1972-11-12,+91 8604804815,policyholder10634@example.in,"99, MG Road",Delhi,Delhi,110001,Motor,502500.00,2022-10-06,2027-03-27,0,0.00,13500.00,Active
POL10635,Jaya Deshmukh,Male,47,1978-11-17,+91 8294675756,policyholder10635@example.in,"144, Park Street",Ahmedabad,Gujarat,380001,Motor,596500.00,2025-08-21,2028-08-20,0,0.00,21400.00,Active
POL10636,Karan Jain,Female,33,1993-07-20,+91 7454881534,policyholder10636@example.in,"50, Lake View Road",Mumbai,Maharashtra,400001,Motor,758000.00,2024-08-02,2027-04-29,0,0.00,33900.00,Active
POL10637,Akash Patel,Female,50,1976-03-09,+91 8498419365,policyholder10637@example.in,"74, Park Street",Chennai,Tamil Nadu,600001,Health,2340000.00,2023-08-17,2027-01-09,0,0.00,57000.00,Active
POL10638,Manish Iyer,Male,73,1952-12-19,+91 7427279641,policyholder10638@example.in,"34, MG Road",Kolkata,West Bengal,700001,Motor,519000.00,2026-01-14,2028-01-14,1,122500.00,10500.00,Active
POL10639,Yash Mehta,Male,21,2004-10-25,+91 9767512616,policyholder10639@example.in,"96, Station Road",Hyderabad,Telangana,500001,Motor,936500.00,2022-05-09,2027-03-09,2,278000.00,29100.00,Active
POL10640,Chaitanya Deshmukh,Male,48,1978-01-27,+91 9519253338,policyholder10640@example.in,"137, MG Road",Chennai,Tamil Nadu,600001,Motor,347000.00,2025-02-16,2028-02-16,0,0.00,7100.00,Lapsed
POL10641,Aditi Saxena,Female,31,1995-07-23,+91 7376455408,policyholder10641@example.in,"82, Station Road",Pune,Maharashtra,411001,Travel,289500.00,2025-09-26,2027-07-07,0,0.00,12800.00,Active
POL10642,Deepak Deshmukh,Male,21,2005-03-02,+91 7752971223,policyholder10642@example.in,"112, Station Road",Mumbai,Maharashtra,400001,Health,1965000.00,2025-11-23,2027-05-31,1,234000.00,39500.00,Active
POL10643,Neha Srinivasan,Female,43,1983-03-09,+91 9688116310,policyholder10643@example.in,"123, MG Road",Hyderabad,Telangana,500001,Home,3088500.00,2025-02-24,2028-02-24,0,0.00,120800.00,Active
POL10644,Sneha Patel,Male,38,1988-02-29,+91 8108708014,policyholder10644@example.in,"101, Lake View Road",Ahmedabad,Gujarat,380001,Motor,341000.00,2025-10-02,2028-10-01,0,0.00,11200.00,Active
POL10645,Riya Shah,Male,28,1998-02-25,+91 7653652620,policyholder10645@example.in,"40, MG Road",Hyderabad,Telangana,500001,Health,1094000.00,2024-12-29,2027-12-29,1,222000.00,46700.00,Lapsed
POL10646,Arjun Verma,Female,53,1972-12-01,+91 7634374183,policyholder10646@example.in,"163, MG Road",Mumbai,Maharashtra,400001,Motor,192500.00,2024-06-16,2027-06-16,0,0.00,6600.00,Active
POL10647,Ananya Jain,Female,32,1994-03-09,+91 8898149410,policyholder10647@example.in,"148, Lake View Road",Bengaluru,Karnataka,560001,Motor,632500.00,2023-08-19,2025-08-18,0,0.00,26600.00,Lapsed
POL10648,Aditi Kapoor,Female,53,1973-02-25,+91 8730449653,policyholder10648@example.in,"75, Park Street",Chennai,Tamil Nadu,600001,Health,300000.00,2023-09-08,2027-08-25,0,0.00,7900.00,Active
POL10649,Devika Chatterjee,Male,31,1995-08-24,+91 9952585553,policyholder10649@example.in,"168, Lake View Road",Bengaluru,Karnataka,560001,Health,735000.00,2022-10-22,2026-11-29,4,356000.00,16700.00,Active
POL10650,Sanjay Deshmukh,Male,46,1980-01-31,+91 8102868695,policyholder10650@example.in,"141, Park Street",Chennai,Tamil Nadu,600001,Motor,755000.00,2026-06-11,2028-06-10,2,262500.00,23000.00,Active
POL10651,Lakshmi Mehta,Female,52,1974-06-08,+91 8536913475,policyholder10651@example.in,"81, Lake View Road",Hyderabad,Telangana,500001,Health,2041000.00,2023-10-26,2026-10-03,0,0.00,66800.00,Active
POL10652,Arun Bhat,Female,28,1998-04-29,+91 7328221102,policyholder10652@example.in,"90, Lake View Road",Mumbai,Maharashtra,400001,Home,3842500.00,2022-05-01,2027-03-19,0,0.00,98800.00,Active
POL10653,Sahil Srinivasan,Male,40,1986-01-18,+91 7492770043,policyholder10653@example.in,"8, MG Road",Delhi,Delhi,110001,Health,244000.00,2026-06-10,2029-06-09,0,0.00,8100.00,Active
POL10654,Pranav Saxena,Female,25,2001-03-26,+91 8560784359,policyholder10654@example.in,"98, Park Street",Delhi,Delhi,110001,Motor,152000.00,2024-08-12,2026-08-12,1,29000.00,3300.00,Lapsed
POL10655,Deepak Menon,Female,20,2006-05-09,+91 7930270868,policyholder10655@example.in,"151, Lake View Road",Ahmedabad,Gujarat,380001,Health,956500.00,2022-08-11,2027-03-10,2,186000.00,19000.00,Active
POL10656,Varun Mishra,Male,40,1986-09-14,+91 9044803555,policyholder10656@example.in,"110, Park Street",Hyderabad,Telangana,500001,Health,231000.00,2024-09-07,2027-07-12,0,0.00,10500.00,Active
POL10657,Rohan Shetty,Female,51,1975-05-29,+91 8419098591,policyholder10657@example.in,"77, Station Road",Kolkata,West Bengal,700001,Health,1530500.00,2022-07-04,2027-03-15,2,525500.00,67300.00,Active
POL10658,Akash Shetty,Female,35,1991-06-26,+91 9198474736,policyholder10658@example.in,"63, Lake View Road",Delhi,Delhi,110001,Health,200500.00,2026-03-19,2028-03-18,1,20500.00,9600.00,Active
POL10659,Aditi Deshmukh,Female,19,2007-09-08,+91 9065211054,policyholder10659@example.in,"12, Station Road",Mumbai,Maharashtra,400001,Health,743000.00,2022-10-16,2027-06-12,0,0.00,26600.00,Active
POL10660,Sneha Kulkarni,Male,27,1999-02-05,+91 9733847671,policyholder10660@example.in,"169, Station Road",Hyderabad,Telangana,500001,Motor,923000.00,2025-05-07,2027-05-07,0,0.00,29500.00,Active
POL10661,Amrita Singh,Male,35,1991-06-06,+91 7616000164,policyholder10661@example.in,"118, Station Road",Ahmedabad,Gujarat,380001,Motor,569000.00,2022-02-20,2027-04-17,0,0.00,16400.00,Active
POL10662,Farhan Deshmukh,Male,53,1973-03-10,+91 7245158322,policyholder10662@example.in,"169, MG Road",Bengaluru,Karnataka,560001,Health,1234000.00,2022-07-17,2023-07-17,1,331500.00,49600.00,Cancelled
POL10663,Neha Mehta,Female,31,1995-01-11,+91 7492774630,policyholder10663@example.in,"165, Park Street",Hyderabad,Telangana,500001,Health,2135000.00,2023-11-13,2027-04-08,0,0.00,75000.00,Active
POL10664,Jaya Srinivasan,Male,60,1965-12-19,+91 7602812706,policyholder10664@example.in,"153, Station Road",Bengaluru,Karnataka,560001,Health,1202500.00,2024-09-02,2027-04-15,1,122500.00,28200.00,Active
POL10665,Riya Mishra,Female,35,1990-10-06,+91 7365906086,policyholder10665@example.in,"87, MG Road",Bengaluru,Karnataka,560001,Travel,424500.00,2025-05-11,2027-07-16,0,0.00,16800.00,Active
POL10666,Bhavna Khan,Male,33,1993-07-01,+91 8166081664,policyholder10666@example.in,"6, Park Street",Ahmedabad,Gujarat,380001,Motor,901500.00,2024-06-28,2026-10-22,3,423500.00,12300.00,Active
POL10667,Mohan Khan,Female,27,1999-07-01,+91 8278312081,policyholder10667@example.in,"136, Station Road",Ahmedabad,Gujarat,380001,Travel,261000.00,2026-07-24,2027-07-24,1,21000.00,4900.00,Active
POL10668,Yash Khan,Male,48,1978-03-02,+91 9266653425,policyholder10668@example.in,"173, Station Road",Ahmedabad,Gujarat,380001,Health,1176500.00,2026-04-11,2028-04-10,0,0.00,21500.00,Active
POL10669,Devika Rao,Female,61,1965-03-15,+91 7565044287,policyholder10669@example.in,"115, MG Road",Hyderabad,Telangana,500001,Motor,390500.00,2022-03-22,2024-03-21,1,49000.00,17500.00,Lapsed
POL10670,Sahil Chatterjee,Other,25,2001-01-24,+91 8003380334,policyholder10670@example.in,"108, Lake View Road",Mumbai,Maharashtra,400001,Health,1123000.00,2022-11-25,2027-09-04,0,0.00,52300.00,Active
POL10671,Arun Saxena,Male,25,2001-06-13,+91 9858688793,policyholder10671@example.in,"115, Station Road",Chennai,Tamil Nadu,600001,Motor,820000.00,2023-03-15,2027-05-05,0,0.00,20100.00,Active
POL10672,Mohan Chatterjee,Male,54,1972-02-06,+91 7449487210,policyholder10672@example.in,"36, Station Road",Chennai,Tamil Nadu,600001,Motor,1000000.00,2025-08-03,2027-07-04,0,0.00,33300.00,Active
POL10673,Meera Verma,Female,32,1994-08-18,+91 7292134124,policyholder10673@example.in,"34, Park Street",Ahmedabad,Gujarat,380001,Motor,172000.00,2022-11-30,2027-05-24,0,0.00,6600.00,Active
POL10674,Bhavna Mehta,Male,73,1953-06-22,+91 9400469665,policyholder10674@example.in,"32, Station Road",Bengaluru,Karnataka,560001,Home,2954000.00,2022-04-29,2026-11-07,0,0.00,47000.00,Active
POL10675,Diya Saxena,Female,65,1961-04-22,+91 9322863059,policyholder10675@example.in,"142, Station Road",Chennai,Tamil Nadu,600001,Health,2154000.00,2022-12-09,2027-03-02,0,0.00,94600.00,Active
POL10676,Arjun Chatterjee,Female,43,1983-03-23,+91 8146570623,policyholder10676@example.in,"130, Lake View Road",Mumbai,Maharashtra,400001,Home,2862000.00,2021-09-26,2026-10-22,0,0.00,71800.00,Active
POL10677,Chaitanya Menon,Male,36,1990-08-17,+91 9994589409,policyholder10677@example.in,"60, MG Road",Pune,Maharashtra,411001,Home,3836500.00,2022-03-23,2023-03-23,1,309000.00,180500.00,Lapsed
POL10678,Mohan Iyer,Male,27,1999-06-03,+91 7534189785,policyholder10678@example.in,"23, Station Road",Hyderabad,Telangana,500001,Motor,427000.00,2024-04-10,2027-08-28,1,61500.00,10700.00,Active
POL10679,Mohan Khan,Female,49,1977-02-19,+91 8045017973,policyholder10679@example.in,"75, Station Road",Pune,Maharashtra,411001,Health,1009000.00,2024-08-26,2027-02-01,2,382500.00,18200.00,Active
POL10680,Devika Deshmukh,Female,18,2008-04-10,+91 7367398652,policyholder10680@example.in,"74, Lake View Road",Delhi,Delhi,110001,Home,4923000.00,2024-12-12,2027-01-14,2,1013000.00,70700.00,Active
POL10681,Shreya Sharma,Male,51,1974-11-05,+91 8436901016,policyholder10681@example.in,"17, Park Street",Chennai,Tamil Nadu,600001,Health,1865000.00,2022-10-02,2026-11-08,0,0.00,77400.00,Active
POL10682,Tanvi Saxena,Female,42,1983-12-02,+91 9129375032,policyholder10682@example.in,"44, Lake View Road",Delhi,Delhi,110001,Health,1097000.00,2025-04-02,2027-09-14,1,103000.00,27900.00,Active
POL10683,Pranav Patel,Male,23,2002-09-29,+91 9866459463,policyholder10683@example.in,"55, Lake View Road",Hyderabad,Telangana,500001,Health,294500.00,2024-10-19,2027-06-11,2,66500.00,10200.00,Active
POL10684,Ananya Iyer,Male,54,1972-04-13,+91 8788382871,policyholder10684@example.in,"152, Park Street",Pune,Maharashtra,411001,Travel,422500.00,2022-04-23,2027-06-21,0,0.00,5600.00,Active
POL10685,Mohan Pillai,Male,58,1967-12-07,+91 7603584944,policyholder10685@example.in,"105, Station Road",Hyderabad,Telangana,500001,Health,1723000.00,2023-12-26,2026-12-25,0,0.00,42400.00,Lapsed
POL10686,Isha Srinivasan,Male,43,1982-11-08,+91 7698124141,policyholder10686@example.in,"52, Park Street",Mumbai,Maharashtra,400001,Motor,973000.00,2022-01-14,2027-05-26,4,115000.00,24700.00,Active
POL10687,Yash Sharma,Male,55,1970-11-21,+91 7802613541,policyholder10687@example.in,"161, Lake View Road",Pune,Maharashtra,411001,Health,1675000.00,2022-04-08,2027-08-02,0,0.00,52700.00,Active
POL10688,Deepak Iyer,Female,48,1977-12-09,+91 7350120061,policyholder10688@example.in,"4, Park Street",Pune,Maharashtra,411001,Motor,701500.00,2025-10-13,2027-06-26,1,121500.00,14200.00,Active
POL10689,Yash Kapoor,Male,44,1981-11-14,+91 9433367164,policyholder10689@example.in,"86, MG Road",Hyderabad,Telangana,500001,Travel,397500.00,2022-01-15,2024-01-15,3,92500.00,5500.00,Cancelled
POL10690,Nikhil Khan,Female,29,1997-08-05,+91 9491596513,policyholder10690@example.in,"101, Park Street",Hyderabad,Telangana,500001,Health,2396000.00,2021-11-27,2027-06-12,0,0.00,103500.00,Active
POL10691,Ananya Menon,Female,42,1984-03-27,+91 7985407081,policyholder10691@example.in,"45, MG Road",Kolkata,West Bengal,700001,Home,2075500.00,2025-10-20,2027-10-20,0,0.00,32100.00,Active
POL10692,Aarav Jain,Male,54,1972-08-17,+91 8614370689,policyholder10692@example.in,"153, MG Road",Mumbai,Maharashtra,400001,Health,1951000.00,2025-08-02,2026-11-06,0,0.00,53400.00,Active
POL10693,Arjun Deshmukh,Male,52,1974-02-15,+91 7765274552,policyholder10693@example.in,"27, MG Road",Kolkata,West Bengal,700001,Motor,548500.00,2022-12-26,2026-09-21,0,0.00,10800.00,Active
POL10694,Akash Mehta,Other,69,1956-11-29,+91 7761781274,policyholder10694@example.in,"131, Station Road",Chennai,Tamil Nadu,600001,Motor,969500.00,2022-11-30,2027-08-27,0,0.00,23000.00,Active
POL10695,Bhavna Saxena,Male,30,1996-06-05,+91 9091814371,policyholder10695@example.in,"56, Station Road",Hyderabad,Telangana,500001,Motor,940500.00,2024-06-24,2026-06-24,0,0.00,42400.00,Cancelled
POL10696,Nikhil Pillai,Female,39,1987-05-07,+91 9910651150,policyholder10696@example.in,"127, Lake View Road",Hyderabad,Telangana,500001,Health,1826500.00,2022-07-04,2027-07-10,0,0.00,46200.00,Active
POL10697,Shreya Jain,Male,44,1981-12-14,+91 9837425328,policyholder10697@example.in,"37, MG Road",Pune,Maharashtra,411001,Home,4007000.00,2024-09-13,2027-06-09,0,0.00,166500.00,Active
POL10698,Kavya Pillai,Male,26,2000-03-11,+91 7549783613,policyholder10698@example.in,"109, MG Road",Hyderabad,Telangana,500001,Motor,822000.00,2026-01-22,2027-01-22,0,0.00,33800.00,Lapsed
POL10699,Vikram Kapoor,Male,42,1984-05-13,+91 8629987359,policyholder10699@example.in,"86, MG Road",Chennai,Tamil Nadu,600001,Home,3307000.00,2026-08-02,2027-08-02,1,661500.00,94300.00,Cancelled
POL10700,Mohan Verma,Male,51,1975-08-24,+91 7644496165,policyholder10700@example.in,"67, Park Street",Delhi,Delhi,110001,Health,1872500.00,2023-12-17,2027-07-03,0,0.00,48000.00,Active
POL10701,Manish Nair,Male,43,1983-01-10,+91 7969683139,policyholder10701@example.in,"159, Station Road",Delhi,Delhi,110001,Motor,770500.00,2025-01-22,2027-02-24,0,0.00,31000.00,Active
POL10702,Neha Saxena,Male,60,1966-02-12,+91 7032222705,policyholder10702@example.in,"68, Park Street",Mumbai,Maharashtra,400001,Health,1219500.00,2022-03-11,2027-05-01,0,0.00,16200.00,Active
POL10703,Aditi Menon,Female,45,1980-09-28,+91 7326991555,policyholder10703@example.in,"77, Lake View Road",Kolkata,West Bengal,700001,Motor,366000.00,2022-11-27,2027-03-04,0,0.00,5800.00,Active
POL10704,Shreya Saxena,Male,18,2007-10-03,+91 9774674394,policyholder10704@example.in,"80, Park Street",Pune,Maharashtra,411001,Home,3219000.00,2023-04-01,2027-07-14,0,0.00,109400.00,Active
POL10705,Vikram Menon,Male,31,1995-04-20,+91 8463416898,policyholder10705@example.in,"127, MG Road",Delhi,Delhi,110001,Health,1708500.00,2026-07-06,2027-07-06,0,0.00,53400.00,Lapsed
POL10706,Amrita Patel,Female,51,1975-04-12,+91 7855475185,policyholder10706@example.in,"85, Park Street",Kolkata,West Bengal,700001,Home,2214000.00,2025-09-15,2027-06-17,0,0.00,40200.00,Active
POL10707,Isha Kulkarni,Male,62,1964-05-16,+91 8004013753,policyholder10707@example.in,"107, Station Road",Delhi,Delhi,110001,Motor,710500.00,2025-06-06,2028-06-05,0,0.00,14900.00,Active
POL10708,Rahul Nair,Female,30,1996-06-27,+91 7104246665,policyholder10708@example.in,"115, Lake View Road",Delhi,Delhi,110001,Travel,128500.00,2025-11-14,2027-11-14,0,0.00,2700.00,Active
POL10709,Riya Pillai,Male,49,1977-05-28,+91 8430621397,policyholder10709@example.in,"132, Station Road",Chennai,Tamil Nadu,600001,Health,1365500.00,2025-07-30,2028-07-29,0,0.00,25500.00,Active
POL10710,Devika Saxena,Female,52,1974-09-09,+91 8403128061,policyholder10710@example.in,"20, Park Street",Mumbai,Maharashtra,400001,Health,753000.00,2023-01-07,2027-09-15,0,0.00,29900.00,Active
POL10711,Diya Verma,Female,49,1976-10-15,+91 8499439340,policyholder10711@example.in,"41, Lake View Road",Mumbai,Maharashtra,400001,Health,2216000.00,2024-01-01,2026-12-30,2,306500.00,30700.00,Active
POL10712,Farhan Verma,Male,38,1988-02-09,+91 7754737440,policyholder10712@example.in,"6, MG Road",Mumbai,Maharashtra,400001,Motor,856500.00,2024-05-08,2027-07-03,2,104500.00,10900.00,Active
POL10713,Riya Jain,Female,27,1999-06-25,+91 7295328300,policyholder10713@example.in,"94, MG Road",Delhi,Delhi,110001,Motor,533500.00,2022-07-16,2027-06-22,0,0.00,14200.00,Active
POL10714,Gaurav Bhat,Male,55,1970-12-03,+91 7470183766,policyholder10714@example.in,"48, Lake View Road",Bengaluru,Karnataka,560001,Health,1151500.00,2022-12-16,2026-12-27,0,0.00,43700.00,Active
POL10715,Akash Chatterjee,Female,34,1992-06-18,+91 9313973166,policyholder10715@example.in,"111, Lake View Road",Hyderabad,Telangana,500001,Motor,254500.00,2025-03-14,2027-06-14,0,0.00,4200.00,Active
POL10716,Vikram Rao,Male,26,1999-12-01,+91 9713242053,policyholder10716@example.in,"95, Park Street",Mumbai,Maharashtra,400001,Motor,590000.00,2024-08-12,2026-10-25,2,192000.00,25000.00,Active
POL10717,Meera Menon,Female,41,1984-11-23,+91 9191231690,policyholder10717@example.in,"54, Station Road",Mumbai,Maharashtra,400001,Health,914000.00,2022-12-13,2024-12-12,0,0.00,32900.00,Lapsed
POL10718,Farhan Kulkarni,Female,56,1970-06-15,+91 7270599453,policyholder10718@example.in,"23, Park Street",Delhi,Delhi,110001,Motor,298500.00,2023-10-20,2027-03-23,0,0.00,5000.00,Active
POL10719,Meera Shetty,Male,23,2003-05-21,+91 7217752907,policyholder10719@example.in,"145, Park Street",Bengaluru,Karnataka,560001,Home,3154000.00,2025-01-18,2027-04-29,4,1089000.00,84600.00,Active
POL10720,Riya Mishra,Male,49,1976-11-30,+91 9342470923,policyholder10720@example.in,"131, Park Street",Bengaluru,Karnataka,560001,Motor,968000.00,2024-09-15,2025-09-15,1,154000.00,44100.00,Lapsed
POL10721,Yash Kulkarni,Male,49,1977-07-28,+91 9291430494,policyholder10721@example.in,"12, Station Road",Mumbai,Maharashtra,400001,Health,1722500.00,2023-07-17,2027-07-01,0,0.00,80000.00,Active
POL10722,Jaya Mehta,Male,41,1985-02-10,+91 7870318982,policyholder10722@example.in,"46, MG Road",Pune,Maharashtra,411001,Motor,167000.00,2022-06-23,2027-06-19,3,63500.00,7500.00,Active
POL10723,Sanjay Jain,Other,51,1975-07-17,+91 7342707786,policyholder10723@example.in,"8, Park Street",Ahmedabad,Gujarat,380001,Home,3492500.00,2022-11-12,2027-08-22,0,0.00,149600.00,Active
POL10724,Gaurav Jain,Female,62,1964-07-11,+91 7796285682,policyholder10724@example.in,"135, Lake View Road",Bengaluru,Karnataka,560001,Home,2779000.00,2023-02-07,2027-06-11,0,0.00,46600.00,Active
POL10725,Amrita Saxena,Male,18,2008-08-30,+91 8243728334,policyholder10725@example.in,"123, Park Street",Kolkata,West Bengal,700001,Motor,471000.00,2025-02-17,2028-02-17,0,0.00,16700.00,Active
POL10726,Akash Chatterjee,Female,48,1978-05-08,+91 7946435951,policyholder10726@example.in,"154, Park Street",Chennai,Tamil Nadu,600001,Motor,721000.00,2026-01-21,2027-01-21,0,0.00,29100.00,Active
POL10727,Rahul Patel,Female,48,1978-03-29,+91 7081168478,policyholder10727@example.in,"61, MG Road",Mumbai,Maharashtra,400001,Motor,210500.00,2025-03-14,2027-05-03,0,0.00,7500.00,Active
POL10728,Lakshmi Nair,Other,33,1993-08-19,+91 7159149741,policyholder10728@example.in,"76, Park Street",Kolkata,West Bengal,700001,Motor,144000.00,2024-09-21,2027-06-22,1,30500.00,6100.00,Active
POL10729,Vikram Patel,Male,59,1967-08-30,+91 7496368141,policyholder10729@example.in,"95, Park Street",Mumbai,Maharashtra,400001,Motor,799000.00,2024-02-10,2027-07-26,0,0.00,21500.00,Active
POL10730,Akash Srinivasan,Male,38,1988-05-22,+91 7693497116,policyholder10730@example.in,"150, Station Road",Hyderabad,Telangana,500001,Health,1251000.00,2026-05-21,2027-05-21,1,297000.00,57700.00,Active
POL10731,Farhan Kapoor,Female,20,2006-05-07,+91 7608325288,policyholder10731@example.in,"158, Lake View Road",Kolkata,West Bengal,700001,Motor,203500.00,2023-04-12,2027-03-06,0,0.00,8700.00,Active
POL10732,Yash Pillai,Male,50,1976-01-19,+91 9860582117,policyholder10732@example.in,"119, Station Road",Mumbai,Maharashtra,400001,Health,1021000.00,2022-06-27,2027-03-18,4,402500.00,41000.00,Active
POL10733,Farhan Rao,Male,41,1984-11-28,+91 9795105514,policyholder10733@example.in,"43, MG Road",Hyderabad,Telangana,500001,Travel,416500.00,2025-11-09,2027-11-09,1,48000.00,15600.00,Active
POL10734,Vikram Bhat,Male,30,1995-10-06,+91 8785566329,policyholder10734@example.in,"42, MG Road",Hyderabad,Telangana,500001,Health,395500.00,2025-01-09,2027-02-24,0,0.00,16900.00,Active
POL10735,Pranav Mehta,Female,50,1976-02-10,+91 9795403311,policyholder10735@example.in,"48, Lake View Road",Chennai,Tamil Nadu,600001,Motor,384500.00,2025-06-08,2027-05-02,1,92000.00,14000.00,Active
POL10736,Varun Mehta,Male,25,2001-06-02,+91 9182552840,policyholder10736@example.in,"175, Lake View Road",Kolkata,West Bengal,700001,Motor,951000.00,2022-04-09,2024-04-08,0,0.00,13500.00,Lapsed
POL10737,Jaya Singh,Female,48,1978-09-06,+91 9170855170,policyholder10737@example.in,"118, Lake View Road",Mumbai,Maharashtra,400001,Motor,527500.00,2023-02-04,2026-12-22,0,0.00,21700.00,Active
POL10738,Zoya Jain,Male,55,1970-10-05,+91 9634640176,policyholder10738@example.in,"59, Park Street",Pune,Maharashtra,411001,Health,950000.00,2023-09-10,2026-10-09,0,0.00,34300.00,Active
POL10739,Farhan Reddy,Female,49,1977-06-10,+91 7115840566,policyholder10739@example.in,"129, Lake View Road",Kolkata,West Bengal,700001,Motor,702000.00,2024-05-03,2027-03-23,0,0.00,27600.00,Active
POL10740,Shreya Mishra,Female,53,1973-01-05,+91 8644910702,policyholder10740@example.in,"116, MG Road",Delhi,Delhi,110001,Motor,351000.00,2021-11-11,2023-11-11,0,0.00,13000.00,Cancelled
POL10741,Karan Shetty,Male,35,1991-03-02,+91 9246896297,policyholder10741@example.in,"172, Park Street",Delhi,Delhi,110001,Motor,708500.00,2023-08-10,2026-10-04,0,0.00,12900.00,Active
POL10742,Diya Saxena,Male,50,1975-11-02,+91 8400890799,policyholder10742@example.in,"19, Park Street",Delhi,Delhi,110001,Motor,496500.00,2022-07-10,2027-01-26,1,95500.00,21900.00,Active
POL10743,Devika Deshmukh,Female,32,1994-08-27,+91 7046720085,policyholder10743@example.in,"105, Station Road",Bengaluru,Karnataka,560001,Travel,253000.00,2023-03-25,2027-06-12,0,0.00,11500.00,Active
POL10744,Devika Jain,Female,36,1989-11-07,+91 7284100509,policyholder10744@example.in,"55, Station Road",Mumbai,Maharashtra,400001,Health,595500.00,2025-09-10,2027-09-10,0,0.00,7300.00,Active
POL10745,Mohan Sharma,Female,42,1984-06-12,+91 7880467534,policyholder10745@example.in,"149, MG Road",Chennai,Tamil Nadu,600001,Health,918500.00,2025-11-02,2027-03-10,0,0.00,34400.00,Active
POL10746,Vikram Menon,Female,71,1955-07-07,+91 9064804072,policyholder10746@example.in,"35, Station Road",Delhi,Delhi,110001,Motor,767000.00,2023-11-02,2027-05-12,0,0.00,31200.00,Active
POL10747,Yash Bhat,Male,61,1964-10-29,+91 8305332714,policyholder10747@example.in,"60, MG Road",Pune,Maharashtra,411001,Motor,786500.00,2022-01-13,2026-10-10,3,91500.00,16600.00,Active
POL10748,Farhan Malhotra,Female,39,1986-12-09,+91 8990258632,policyholder10748@example.in,"71, MG Road",Delhi,Delhi,110001,Motor,776500.00,2022-01-29,2026-12-15,2,240000.00,26400.00,Active
POL10749,Kavya Menon,Male,58,1968-09-01,+91 8781392224,policyholder10749@example.in,"35, Station Road",Kolkata,West Bengal,700001,Motor,207500.00,2026-03-02,2028-03-01,0,0.00,7900.00,Active
POL10750,Ananya Deshmukh,Female,39,1986-10-13,+91 9075990729,policyholder10750@example.in,"143, Lake View Road",Kolkata,West Bengal,700001,Motor,356500.00,2026-08-05,2027-08-05,0,0.00,15300.00,Active
POL10751,Akash Jain,Female,33,1992-12-18,+91 9105521756,policyholder10751@example.in,"40, Lake View Road",Bengaluru,Karnataka,560001,Motor,784000.00,2022-12-04,2026-12-19,0,0.00,9900.00,Active
POL10752,Lakshmi Saxena,Female,35,1991-05-13,+91 7120199589,policyholder10752@example.in,"83, Station Road",Ahmedabad,Gujarat,380001,Motor,139000.00,2022-12-13,2027-08-12,0,0.00,4800.00,Active
POL10753,Neha Chatterjee,Female,52,1974-06-29,+91 8531377581,policyholder10753@example.in,"178, Park Street",Mumbai,Maharashtra,400001,Motor,698000.00,2023-01-16,2027-02-01,0,0.00,12900.00,Active
POL10754,Aditi Rao,Female,53,1973-08-25,+91 9667990240,policyholder10754@example.in,"121, Lake View Road",Pune,Maharashtra,411001,Motor,301000.00,2023-12-27,2027-07-20,0,0.00,11200.00,Active
POL10755,Manish Deshmukh,Female,51,1974-11-17,+91 9768826634,policyholder10755@example.in,"157, MG Road",Mumbai,Maharashtra,400001,Home,3305500.00,2024-08-16,2027-08-16,1,367500.00,156100.00,Lapsed
POL10756,Manish Kapoor,Female,40,1986-08-27,+91 9673980025,policyholder10756@example.in,"164, MG Road",Ahmedabad,Gujarat,380001,Motor,156000.00,2026-04-05,2028-04-04,2,56000.00,7300.00,Active
POL10757,Sahil Jain,Female,36,1990-08-30,+91 8796393037,policyholder10757@example.in,"123, Lake View Road",Kolkata,West Bengal,700001,Motor,815500.00,2021-10-30,2026-12-03,0,0.00,33600.00,Active
POL10758,Riya Jain,Female,31,1995-06-03,+91 8081293762,policyholder10758@example.in,"28, MG Road",Ahmedabad,Gujarat,380001,Travel,276000.00,2022-11-27,2023-11-27,0,0.00,9000.00,Lapsed
POL10759,Aditi Singh,Female,29,1997-03-09,+91 9721512617,policyholder10759@example.in,"160, MG Road",Kolkata,West Bengal,700001,Home,2202000.00,2026-04-13,2027-04-13,0,0.00,30900.00,Active
POL10760,Ananya Sharma,Female,28,1997-11-13,+91 7593545106,policyholder10760@example.in,"114, Park Street",Mumbai,Maharashtra,400001,Home,1272500.00,2024-01-12,2027-06-28,0,0.00,21300.00,Active
POL10761,Deepak Malhotra,Female,63,1963-09-09,+91 9468099705,policyholder10761@example.in,"3, Lake View Road",Pune,Maharashtra,411001,Motor,838500.00,2023-01-19,2026-12-06,2,309500.00,26500.00,Active
POL10762,Sahil Malhotra,Female,19,2007-09-03,+91 9388058747,policyholder10762@example.in,"72, Station Road",Kolkata,West Bengal,700001,Motor,973000.00,2023-03-08,2027-03-10,0,0.00,43300.00,Active
POL10763,Nikhil Singh,Female,26,2000-05-09,+91 7171594999,policyholder10763@example.in,"113, Station Road",Hyderabad,Telangana,500001,Home,2571500.00,2024-06-28,2026-12-02,0,0.00,32300.00,Active
POL10764,Akash Sharma,Female,47,1979-03-31,+91 7022633811,policyholder10764@example.in,"137, Lake View Road",Delhi,Delhi,110001,Home,3572500.00,2022-05-10,2027-09-08,3,1324500.00,120600.00,Active
POL10765,Pranav Shetty,Male,56,1970-07-13,+91 9088973987,policyholder10765@example.in,"96, Park Street",Pune,Maharashtra,411001,Health,2332000.00,2023-10-19,2026-09-30,3,1141500.00,54200.00,Active
POL10766,Ishaan Saxena,Male,33,1992-10-14,+91 9617797324,policyholder10766@example.in,"110, Lake View Road",Chennai,Tamil Nadu,600001,Motor,302500.00,2023-12-22,2026-09-23,2,80500.00,4800.00,Active
POL10767,Chaitanya Sharma,Male,54,1972-03-15,+91 8644612447,policyholder10767@example.in,"128, MG Road",Hyderabad,Telangana,500001,Motor,924500.00,2021-10-31,2026-11-13,1,183500.00,31000.00,Active
POL10768,Meera Srinivasan,Female,46,1980-08-10,+91 8440333908,policyholder10768@example.in,"78, MG Road",Kolkata,West Bengal,700001,Travel,494500.00,2022-12-09,2027-06-19,0,0.00,19600.00,Active
POL10769,Sahil Kulkarni,Female,62,1963-10-05,+91 7168016640,policyholder10769@example.in,"13, Lake View Road",Pune,Maharashtra,411001,Motor,167500.00,2024-07-09,2027-08-22,1,16500.00,7900.00,Active
POL10770,Isha Shetty,Male,66,1959-11-25,+91 7045614018,policyholder10770@example.in,"142, Station Road",Chennai,Tamil Nadu,600001,Motor,151500.00,2023-01-26,2026-01-25,0,0.00,3700.00,Cancelled
POL10771,Chaitanya Chatterjee,Male,30,1996-08-15,+91 9417231724,policyholder10771@example.in,"145, Station Road",Ahmedabad,Gujarat,380001,Motor,379500.00,2021-10-03,2026-11-06,0,0.00,16800.00,Active
POL10772,Sahil Patel,Female,67,1959-03-30,+91 9397429436,policyholder10772@example.in,"15, Lake View Road",Ahmedabad,Gujarat,380001,Motor,842500.00,2024-12-18,2027-01-03,0,0.00,24700.00,Active
POL10773,Manish Shah,Male,37,1989-04-11,+91 8598467635,policyholder10773@example.in,"133, Station Road",Delhi,Delhi,110001,Health,2116500.00,2025-03-05,2027-03-05,0,0.00,27200.00,Active
POL10774,Aditya Rao,Male,27,1999-03-12,+91 7217114041,policyholder10774@example.in,"179, Station Road",Kolkata,West Bengal,700001,Motor,314500.00,2022-07-18,2027-05-24,0,0.00,6200.00,Active
POL10775,Lakshmi Malhotra,Male,34,1992-04-14,+91 7318760628,policyholder10775@example.in,"76, Lake View Road",Mumbai,Maharashtra,400001,Health,1541500.00,2022-08-25,2027-07-17,0,0.00,47800.00,Active
POL10776,Sahil Kulkarni,Female,49,1977-07-03,+91 9689246104,policyholder10776@example.in,"138, MG Road",Delhi,Delhi,110001,Health,2048500.00,2022-02-03,2026-10-21,2,172000.00,58100.00,Active
POL10777,Aarav Shetty,Female,59,1967-04-22,+91 7755968186,policyholder10777@example.in,"90, Lake View Road",Bengaluru,Karnataka,560001,Motor,599500.00,2025-04-01,2027-06-11,1,148000.00,9000.00,Active
POL10778,Rohan Shetty,Male,54,1972-02-23,+91 9968354170,policyholder10778@example.in,"157, Park Street",Bengaluru,Karnataka,560001,Health,345000.00,2022-05-20,2027-04-07,2,108000.00,10200.00,Active
POL10779,Shreya Deshmukh,Male,62,1964-03-24,+91 7879525788,policyholder10779@example.in,"129, Park Street",Chennai,Tamil Nadu,600001,Motor,668000.00,2025-07-15,2026-11-17,0,0.00,24700.00,Active
POL10780,Akash Saxena,Male,38,1988-08-26,+91 7097615948,policyholder10780@example.in,"20, Lake View Road",Hyderabad,Telangana,500001,Motor,928500.00,2026-01-11,2028-01-11,1,141000.00,17600.00,Active
POL10781,Pranav Nair,Male,27,1999-04-02,+91 8694033588,policyholder10781@example.in,"114, Station Road",Hyderabad,Telangana,500001,Home,1033000.00,2022-06-20,2027-06-20,0,0.00,21900.00,Active
POL10782,Riya Malhotra,Female,44,1982-02-02,+91 7867562897,policyholder10782@example.in,"68, Lake View Road",Kolkata,West Bengal,700001,Motor,147500.00,2026-07-19,2028-07-18,0,0.00,3100.00,Active
POL10783,Chaitanya Mehta,Female,51,1975-07-02,+91 7884559816,policyholder10783@example.in,"140, Park Street",Mumbai,Maharashtra,400001,Motor,945000.00,2023-08-22,2027-07-24,0,0.00,11800.00,Active
POL10784,Bhavna Patel,Male,50,1975-10-07,+91 7699412980,policyholder10784@example.in,"53, Park Street",Delhi,Delhi,110001,Health,652500.00,2021-12-11,2027-01-28,0,0.00,19600.00,Active
POL10785,Bhavna Verma,Male,42,1984-01-06,+91 8207193772,policyholder10785@example.in,"172, Station Road",Ahmedabad,Gujarat,380001,Motor,325500.00,2023-02-06,2026-12-11,2,97500.00,12200.00,Active
POL10786,Riya Srinivasan,Female,40,1986-04-14,+91 7868571205,policyholder10786@example.in,"16, Park Street",Chennai,Tamil Nadu,600001,Motor,587000.00,2023-03-24,2026-12-17,0,0.00,14000.00,Active
POL10787,Pooja Chatterjee,Male,41,1985-08-05,+91 7365606678,policyholder10787@example.in,"88, Lake View Road",Delhi,Delhi,110001,Health,1374500.00,2024-06-22,2025-06-22,0,0.00,52700.00,Cancelled
POL10788,Mohan Mehta,Male,34,1991-11-02,+91 9065350578,policyholder10788@example.in,"139, MG Road",Kolkata,West Bengal,700001,Health,2486000.00,2023-09-10,2027-02-16,5,987000.00,63300.00,Active
POL10789,Yash Menon,Female,37,1989-01-03,+91 7291980527,policyholder10789@example.in,"103, Lake View Road",Delhi,Delhi,110001,Motor,434500.00,2024-03-06,2027-08-09,0,0.00,10200.00,Active
POL10790,Chaitanya Singh,Male,27,1999-09-04,+91 7238402008,policyholder10790@example.in,"106, MG Road",Delhi,Delhi,110001,Health,577000.00,2024-03-18,2027-03-18,2,132500.00,15100.00,Lapsed
POL10791,Neha Verma,Male,71,1955-01-06,+91 7694654320,policyholder10791@example.in,"169, MG Road",Hyderabad,Telangana,500001,Travel,487500.00,2022-05-20,2024-05-19,0,0.00,9300.00,Lapsed
POL10792,Meera Deshmukh,Male,32,1994-01-13,+91 9403896318,policyholder10792@example.in,"141, MG Road",Ahmedabad,Gujarat,380001,Health,1024500.00,2025-02-26,2027-04-14,0,0.00,42800.00,Active
POL10793,Aditi Sharma,Male,23,2003-08-22,+91 8685899673,policyholder10793@example.in,"75, MG Road",Ahmedabad,Gujarat,380001,Health,943000.00,2024-05-28,2027-01-19,0,0.00,39600.00,Active
POL10794,Chaitanya Shah,Male,35,1991-01-24,+91 7415399058,policyholder10794@example.in,"50, MG Road",Pune,Maharashtra,411001,Health,512500.00,2025-10-08,2027-06-22,1,135000.00,18000.00,Active
POL10795,Akash Malhotra,Female,29,1996-11-25,+91 9081253230,policyholder10795@example.in,"135, Park Street",Pune,Maharashtra,411001,Health,825500.00,2024-08-03,2025-08-03,0,0.00,25700.00,Cancelled
POL10796,Shreya Srinivasan,Female,56,1969-12-19,+91 9381167143,policyholder10796@example.in,"179, MG Road",Bengaluru,Karnataka,560001,Health,259500.00,2021-11-21,2026-11-03,0,0.00,4400.00,Active
POL10797,Aarav Shetty,Other,50,1976-01-14,+91 7167910144,policyholder10797@example.in,"75, MG Road",Hyderabad,Telangana,500001,Motor,824000.00,2022-06-03,2026-12-01,0,0.00,15300.00,Active
POL10798,Rohan Nair,Male,38,1988-03-07,+91 9410084630,policyholder10798@example.in,"140, MG Road",Ahmedabad,Gujarat,380001,Home,2651500.00,2023-02-25,2025-02-24,0,0.00,45100.00,Cancelled
POL10799,Chaitanya Kulkarni,Male,37,1988-09-30,+91 9519252670,policyholder10799@example.in,"150, Lake View Road",Kolkata,West Bengal,700001,Health,1063500.00,2026-01-06,2027-01-06,0,0.00,22200.00,Active
POL10800,Sahil Shetty,Male,44,1981-12-05,+91 8012019661,policyholder10800@example.in,"171, MG Road",Pune,Maharashtra,411001,Health,1480500.00,2022-05-06,2026-09-28,1,269000.00,34800.00,Active
POL10801,Farhan Bhat,Male,34,1992-05-14,+91 8800944239,policyholder10801@example.in,"63, MG Road",Ahmedabad,Gujarat,380001,Motor,810000.00,2022-05-16,2025-05-15,1,178500.00,14100.00,Lapsed
POL10802,Neha Nair,Male,32,1994-02-18,+91 8175965564,policyholder10802@example.in,"172, Lake View Road",Bengaluru,Karnataka,560001,Health,1569500.00,2021-12-19,2022-12-19,2,235000.00,41600.00,Lapsed
POL10803,Farhan Shetty,Male,50,1976-07-09,+91 9692860194,policyholder10803@example.in,"62, Station Road",Pune,Maharashtra,411001,Motor,459500.00,2022-03-30,2027-07-18,0,0.00,21000.00,Active
POL10804,Isha Singh,Male,35,1991-07-10,+91 9508699276,policyholder10804@example.in,"158, Station Road",Chennai,Tamil Nadu,600001,Motor,107500.00,2026-03-25,2028-03-24,0,0.00,4900.00,Active
POL10805,Aarav Rao,Female,38,1988-03-21,+91 7930692499,policyholder10805@example.in,"60, Park Street",Kolkata,West Bengal,700001,Health,534000.00,2026-04-28,2027-04-28,0,0.00,10800.00,Lapsed
POL10806,Amrita Sharma,Male,58,1967-10-23,+91 9066604541,policyholder10806@example.in,"8, Park Street",Pune,Maharashtra,411001,Health,2250500.00,2024-12-24,2026-09-24,1,309000.00,72900.00,Active
POL10807,Diya Malhotra,Female,34,1992-01-03,+91 7568142871,policyholder10807@example.in,"135, Lake View Road",Pune,Maharashtra,411001,Health,601000.00,2024-04-23,2025-04-23,0,0.00,9100.00,Lapsed
POL10808,Rahul Singh,Male,26,2000-05-27,+91 9549765596,policyholder10808@example.in,"115, Lake View Road",Hyderabad,Telangana,500001,Health,2212000.00,2024-08-23,2027-04-17,5,389500.00,46200.00,Active
POL10809,Zoya Bhat,Female,34,1992-04-07,+91 8952386609,policyholder10809@example.in,"73, Park Street",Chennai,Tamil Nadu,600001,Motor,364500.00,2026-01-10,2027-01-28,2,118000.00,17400.00,Active
POL10810,Sneha Patel,Male,49,1977-09-10,+91 8778886882,policyholder10810@example.in,"11, Station Road",Ahmedabad,Gujarat,380001,Motor,483500.00,2022-06-18,2027-06-27,2,88000.00,19200.00,Active
POL10811,Karan Bhat,Female,65,1961-05-24,+91 8800472086,policyholder10811@example.in,"33, MG Road",Pune,Maharashtra,411001,Motor,677000.00,2025-06-05,2027-02-12,0,0.00,21800.00,Active
POL10812,Meera Chatterjee,Female,44,1982-04-24,+91 9925691361,policyholder10812@example.in,"153, Station Road",Pune,Maharashtra,411001,Motor,321500.00,2022-09-28,2027-01-18,4,125500.00,15100.00,Active
POL10813,Lakshmi Pillai,Male,46,1979-11-10,+91 8993281273,policyholder10813@example.in,"37, MG Road",Chennai,Tamil Nadu,600001,Motor,252500.00,2025-09-09,2027-08-17,0,0.00,9300.00,Active
POL10814,Neha Reddy,Female,28,1998-01-09,+91 9270390963,policyholder10814@example.in,"20, Lake View Road",Bengaluru,Karnataka,560001,Home,1398500.00,2024-07-24,2027-04-26,0,0.00,35800.00,Active
POL10815,Riya Sharma,Female,40,1986-09-14,+91 9781476103,policyholder10815@example.in,"138, Station Road",Kolkata,West Bengal,700001,Health,920500.00,2023-12-03,2027-08-05,0,0.00,38800.00,Active
POL10816,Chaitanya Nair,Male,57,1968-11-08,+91 9396267032,policyholder10816@example.in,"175, Park Street",Mumbai,Maharashtra,400001,Health,1986000.00,2025-02-12,2027-02-12,2,735000.00,45000.00,Active
POL10817,Nikhil Srinivasan,Male,67,1959-01-30,+91 7599460657,policyholder10817@example.in,"61, Lake View Road",Pune,Maharashtra,411001,Motor,193500.00,2022-07-25,2027-04-17,0,0.00,2400.00,Active
POL10818,Isha Khan,Male,38,1988-08-26,+91 7424153069,policyholder10818@example.in,"155, MG Road",Mumbai,Maharashtra,400001,Health,2021000.00,2022-02-05,2027-07-01,5,686000.00,45800.00,Active
POL10819,Arjun Kapoor,Male,47,1979-06-04,+91 9782932891,policyholder10819@example.in,"167, Station Road",Mumbai,Maharashtra,400001,Health,263500.00,2023-06-21,2026-09-30,3,87500.00,12400.00,Active
POL10820,Akash Chatterjee,Female,59,1967-02-01,+91 7976018141,policyholder10820@example.in,"113, Lake View Road",Kolkata,West Bengal,700001,Health,956500.00,2023-11-27,2024-11-26,0,0.00,15300.00,Cancelled
POL10821,Tanvi Srinivasan,Male,47,1979-07-22,+91 7196884566,policyholder10821@example.in,"36, MG Road",Kolkata,West Bengal,700001,Health,2468500.00,2025-06-09,2026-11-12,0,0.00,58500.00,Active
POL10822,Pooja Jain,Female,58,1968-01-15,+91 9123416140,policyholder10822@example.in,"13, MG Road",Kolkata,West Bengal,700001,Health,438000.00,2022-10-11,2027-05-14,0,0.00,19600.00,Active
POL10823,Rohan Malhotra,Male,18,2008-01-12,+91 7939032612,policyholder10823@example.in,"118, MG Road",Bengaluru,Karnataka,560001,Motor,456000.00,2022-11-15,2027-06-03,0,0.00,18000.00,Active
POL10824,Rohan Reddy,Female,59,1966-12-28,+91 8319111928,policyholder10824@example.in,"45, Park Street",Chennai,Tamil Nadu,600001,Motor,498500.00,2024-04-26,2027-03-16,0,0.00,23100.00,Active
POL10825,Jaya Srinivasan,Female,30,1996-08-05,+91 7089939627,policyholder10825@example.in,"160, Lake View Road",Pune,Maharashtra,411001,Health,1806000.00,2022-01-08,2024-01-08,1,439500.00,22100.00,Cancelled
POL10826,Ishaan Mehta,Female,46,1979-12-24,+91 8104900912,policyholder10826@example.in,"25, Park Street",Hyderabad,Telangana,500001,Health,466500.00,2024-07-13,2027-07-13,0,0.00,17300.00,Lapsed
POL10827,Ananya Saxena,Male,53,1973-08-17,+91 8793436474,policyholder10827@example.in,"66, MG Road",Ahmedabad,Gujarat,380001,Motor,120000.00,2023-04-10,2027-01-21,0,0.00,1800.00,Active
POL10828,Meera Mishra,Male,65,1961-04-04,+91 7957873423,policyholder10828@example.in,"110, Park Street",Pune,Maharashtra,411001,Motor,849500.00,2024-12-14,2027-05-05,2,210500.00,37500.00,Active
POL10829,Rahul Rao,Female,37,1989-01-06,+91 9024871605,policyholder10829@example.in,"3, Lake View Road",Ahmedabad,Gujarat,380001,Health,1467500.00,2022-07-12,2027-02-09,2,232000.00,49500.00,Active
POL10830,Ananya Verma,Male,28,1998-04-25,+91 8191374917,policyholder10830@example.in,"63, Lake View Road",Chennai,Tamil Nadu,600001,Motor,197500.00,2025-03-04,2028-03-03,1,43000.00,5200.00,Active
POL10831,Aarav Verma,Female,46,1979-10-17,+91 9749850584,policyholder10831@example.in,"135, MG Road",Mumbai,Maharashtra,400001,Health,2269500.00,2022-06-04,2027-08-31,0,0.00,46700.00,Active
POL10832,Vikram Pillai,Male,40,1986-02-19,+91 8475631376,policyholder10832@example.in,"154, Lake View Road",Pune,Maharashtra,411001,Health,2494500.00,2023-01-10,2027-05-05,0,0.00,113200.00,Active
POL10833,Arun Kulkarni,Male,28,1997-09-20,+91 9903147923,policyholder10833@example.in,"129, Station Road",Chennai,Tamil Nadu,600001,Motor,229500.00,2022-03-17,2026-10-05,0,0.00,7800.00,Active
POL10834,Nikhil Reddy,Female,35,1991-03-22,+91 7970833073,policyholder10834@example.in,"33, MG Road",Kolkata,West Bengal,700001,Travel,129000.00,2021-12-07,2026-11-13,1,34500.00,2400.00,Active
POL10835,Nikhil Reddy,Male,32,1994-05-19,+91 8983738354,policyholder10835@example.in,"55, Lake View Road",Kolkata,West Bengal,700001,Motor,425500.00,2026-07-25,2027-07-25,0,0.00,17100.00,Active
POL10836,Kavya Reddy,Male,33,1992-10-19,+91 7679351006,policyholder10836@example.in,"95, Lake View Road",Pune,Maharashtra,411001,Motor,466500.00,2024-11-22,2025-11-22,0,0.00,6400.00,Cancelled
POL10837,Tanvi Khan,Female,29,1997-09-01,+91 8426242836,policyholder10837@example.in,"149, Lake View Road",Bengaluru,Karnataka,560001,Motor,987500.00,2024-02-05,2027-01-01,0,0.00,30800.00,Active
POL10838,Zoya Mehta,Male,56,1970-04-08,+91 9210999314,policyholder10838@example.in,"160, Lake View Road",Chennai,Tamil Nadu,600001,Motor,175000.00,2026-03-12,2027-05-10,0,0.00,6100.00,Active
POL10839,Aditi Mishra,Male,41,1984-09-22,+91 8881340079,policyholder10839@example.in,"78, Lake View Road",Pune,Maharashtra,411001,Motor,660000.00,2025-04-14,2027-04-14,0,0.00,8700.00,Active
POL10840,Karan Saxena,Male,52,1974-04-26,+91 8670720294,policyholder10840@example.in,"130, Station Road",Chennai,Tamil Nadu,600001,Motor,723500.00,2023-11-02,2026-12-20,1,133500.00,16900.00,Active
POL10841,Rohan Srinivasan,Male,39,1987-07-09,+91 9876998380,policyholder10841@example.in,"168, Park Street",Bengaluru,Karnataka,560001,Health,1116500.00,2025-02-24,2027-07-28,0,0.00,21500.00,Active
POL10842,Sahil Malhotra,Female,40,1985-12-21,+91 7601729930,policyholder10842@example.in,"32, MG Road",Pune,Maharashtra,411001,Motor,949000.00,2022-07-20,2024-07-19,2,76500.00,32100.00,Cancelled
POL10843,Deepak Pillai,Female,48,1978-08-26,+91 8931234476,policyholder10843@example.in,"53, MG Road",Ahmedabad,Gujarat,380001,Health,1901500.00,2024-02-09,2027-08-21,0,0.00,90900.00,Active
POL10844,Sahil Kulkarni,Male,46,1980-06-05,+91 7767930200,policyholder10844@example.in,"179, Park Street",Delhi,Delhi,110001,Home,2026000.00,2022-07-13,2027-06-20,0,0.00,86900.00,Active
POL10845,Arun Rao,Female,39,1987-02-05,+91 9270542089,policyholder10845@example.in,"162, MG Road",Kolkata,West Bengal,700001,Motor,172500.00,2024-05-29,2027-07-09,4,83500.00,4700.00,Active
POL10846,Tanvi Iyer,Male,51,1974-10-11,+91 7865439150,policyholder10846@example.in,"156, Station Road",Ahmedabad,Gujarat,380001,Home,3300000.00,2021-10-28,2027-01-19,0,0.00,87900.00,Active
POL10847,Kavya Pillai,Male,33,1993-04-14,+91 8199135378,policyholder10847@example.in,"67, MG Road",Mumbai,Maharashtra,400001,Motor,529500.00,2023-05-04,2027-03-31,0,0.00,25300.00,Active
POL10848,Zoya Nair,Male,35,1991-06-14,+91 9611972634,policyholder10848@example.in,"25, Lake View Road",Kolkata,West Bengal,700001,Health,1545000.00,2024-03-02,2027-09-06,0,0.00,26100.00,Active
POL10849,Sahil Kapoor,Male,29,1997-07-01,+91 9127435331,policyholder10849@example.in,"136, Station Road",Kolkata,West Bengal,700001,Health,565500.00,2022-09-25,2026-12-13,3,135000.00,17200.00,Active
POL10850,Deepak Pillai,Other,18,2007-10-25,+91 9081703535,policyholder10850@example.in,"99, Park Street",Delhi,Delhi,110001,Home,2668000.00,2022-04-17,2027-03-11,0,0.00,105100.00,Active
POL10851,Mohan Sharma,Male,27,1998-10-16,+91 7200580318,policyholder10851@example.in,"114, Lake View Road",Delhi,Delhi,110001,Motor,134500.00,2024-05-25,2027-07-16,0,0.00,5900.00,Active
POL10852,Neha Kulkarni,Male,25,2001-07-09,+91 8510379346,policyholder10852@example.in,"72, Lake View Road",Delhi,Delhi,110001,Motor,474000.00,2025-07-03,2027-07-03,4,202500.00,21000.00,Active
POL10853,Yash Nair,Female,25,2001-08-21,+91 7498690585,policyholder10853@example.in,"19, Station Road",Hyderabad,Telangana,500001,Health,2083000.00,2026-03-14,2028-03-13,2,192000.00,35500.00,Active
POL10854,Kavya Rao,Female,49,1977-04-17,+91 8318800637,policyholder10854@example.in,"14, Park Street",Hyderabad,Telangana,500001,Health,1574500.00,2026-04-18,2027-04-18,1,216000.00,23400.00,Active
POL10855,Aditi Iyer,Female,25,2001-01-19,+91 9096418193,policyholder10855@example.in,"164, Lake View Road",Bengaluru,Karnataka,560001,Health,297000.00,2022-12-06,2027-02-18,2,93000.00,4500.00,Active
POL10856,Shreya Shetty,Male,21,2004-09-28,+91 7839862266,policyholder10856@example.in,"4, Lake View Road",Delhi,Delhi,110001,Home,4879000.00,2023-11-12,2027-09-14,4,926500.00,94300.00,Active
POL10857,Manish Kapoor,Female,32,1994-02-07,+91 8405402362,policyholder10857@example.in,"31, MG Road",Kolkata,West Bengal,700001,Motor,315500.00,2023-12-24,2027-07-10,0,0.00,14700.00,Active
POL10858,Riya Patel,Male,52,1974-04-05,+91 8099411834,policyholder10858@example.in,"103, Station Road",Bengaluru,Karnataka,560001,Motor,390000.00,2024-01-14,2026-01-13,1,37500.00,12200.00,Lapsed
POL10859,Yash Srinivasan,Other,48,1978-04-12,+91 9519800196,policyholder10859@example.in,"54, Lake View Road",Chennai,Tamil Nadu,600001,Home,1657000.00,2024-04-23,2026-10-08,0,0.00,22300.00,Active
POL10860,Riya Sharma,Male,52,1973-11-26,+91 9312740171,policyholder10860@example.in,"11, MG Road",Kolkata,West Bengal,700001,Health,1781000.00,2023-03-23,2026-11-15,1,252500.00,42400.00,Active
POL10861,Rahul Kapoor,Male,60,1966-08-10,+91 8407117417,policyholder10861@example.in,"28, Lake View Road",Chennai,Tamil Nadu,600001,Motor,107000.00,2024-01-07,2027-07-15,0,0.00,2200.00,Active
POL10862,Ishaan Shah,Female,38,1988-01-26,+91 8207277913,policyholder10862@example.in,"121, Station Road",Mumbai,Maharashtra,400001,Travel,216000.00,2022-08-09,2027-07-04,0,0.00,6500.00,Active
POL10863,Jaya Mehta,Male,46,1980-03-10,+91 8791348059,policyholder10863@example.in,"12, MG Road",Kolkata,West Bengal,700001,Motor,607000.00,2026-01-08,2028-01-08,0,0.00,21800.00,Active
POL10864,Arjun Saxena,Female,36,1990-04-26,+91 9716722005,policyholder10864@example.in,"99, Lake View Road",Pune,Maharashtra,411001,Travel,327500.00,2026-08-19,2027-08-19,0,0.00,15000.00,Active
POL10865,Rohan Singh,Female,36,1990-06-12,+91 9978281127,policyholder10865@example.in,"99, MG Road",Pune,Maharashtra,411001,Health,1430000.00,2025-03-13,2027-07-07,0,0.00,42100.00,Active
POL10866,Yash Rao,Male,46,1980-05-29,+91 8254906998,policyholder10866@example.in,"171, Lake View Road",Mumbai,Maharashtra,400001,Motor,866500.00,2024-03-11,2026-10-20,5,496500.00,22700.00,Active
POL10867,Devika Sharma,Male,53,1972-12-07,+91 8921428180,policyholder10867@example.in,"130, Station Road",Ahmedabad,Gujarat,380001,Health,1584000.00,2024-03-05,2027-06-20,0,0.00,42800.00,Active
POL10868,Gaurav Kapoor,Male,47,1979-07-29,+91 9053448352,policyholder10868@example.in,"120, Lake View Road",Chennai,Tamil Nadu,600001,Health,1063000.00,2024-08-18,2027-02-23,3,213500.00,39700.00,Active
POL10869,Riya Mehta,Male,42,1984-01-06,+91 8792564833,policyholder10869@example.in,"50, Lake View Road",Kolkata,West Bengal,700001,Motor,919000.00,2022-01-23,2027-06-16,1,177000.00,33700.00,Active
POL10870,Gaurav Reddy,Male,46,1980-02-08,+91 9205518814,policyholder10870@example.in,"135, Lake View Road",Delhi,Delhi,110001,Health,1566000.00,2021-10-25,2027-09-15,0,0.00,26300.00,Active
POL10871,Amrita Shah,Female,63,1962-11-21,+91 7878362068,policyholder10871@example.in,"169, MG Road",Delhi,Delhi,110001,Motor,897000.00,2023-08-23,2026-10-20,0,0.00,13900.00,Active
POL10872,Lakshmi Khan,Male,29,1996-10-26,+91 8833327224,policyholder10872@example.in,"144, Station Road",Bengaluru,Karnataka,560001,Motor,991000.00,2024-04-05,2025-04-05,0,0.00,26100.00,Cancelled
POL10873,Pooja Reddy,Male,56,1970-03-23,+91 8315657936,policyholder10873@example.in,"26, Lake View Road",Mumbai,Maharashtra,400001,Health,2252000.00,2024-08-31,2027-04-10,0,0.00,103300.00,Active
POL10874,Diya Rao,Male,50,1976-04-27,+91 9027098325,policyholder10874@example.in,"23, Lake View Road",Kolkata,West Bengal,700001,Home,3249500.00,2024-01-29,2026-11-06,0,0.00,61700.00,Active
POL10875,Devika Mehta,Female,30,1995-11-02,+91 9990875407,policyholder10875@example.in,"126, MG Road",Bengaluru,Karnataka,560001,Motor,410500.00,2024-10-18,2027-04-17,0,0.00,9400.00,Active
POL10876,Jaya Khan,Female,23,2003-05-21,+91 9923463734,policyholder10876@example.in,"68, Lake View Road",Ahmedabad,Gujarat,380001,Health,276500.00,2025-03-30,2027-03-30,1,40500.00,11500.00,Lapsed
POL10877,Rahul Malhotra,Female,36,1990-03-02,+91 8643364279,policyholder10877@example.in,"122, MG Road",Hyderabad,Telangana,500001,Health,2479000.00,2025-07-28,2027-08-23,0,0.00,112200.00,Active
POL10878,Deepak Jain,Male,30,1996-03-02,+91 7292137869,policyholder10878@example.in,"170, Lake View Road",Pune,Maharashtra,411001,Motor,196000.00,2023-11-28,2024-11-27,1,42500.00,2900.00,Cancelled
POL10879,Yash Chatterjee,Male,27,1999-02-12,+91 9857955199,policyholder10879@example.in,"131, MG Road",Ahmedabad,Gujarat,380001,Motor,908500.00,2026-05-23,2027-05-23,1,159500.00,15000.00,Active
POL10880,Sanjay Rao,Female,44,1981-12-03,+91 9738926368,policyholder10880@example.in,"7, MG Road",Delhi,Delhi,110001,Health,888000.00,2025-10-24,2027-10-24,0,0.00,19000.00,Active
POL10881,Diya Jain,Male,73,1952-11-30,+91 9178338468,policyholder10881@example.in,"166, MG Road",Delhi,Delhi,110001,Home,1543000.00,2023-06-01,2026-12-04,2,432500.00,28400.00,Active
POL10882,Jaya Mehta,Female,38,1987-11-19,+91 8806123519,policyholder10882@example.in,"116, Park Street",Pune,Maharashtra,411001,Health,1419000.00,2022-05-19,2027-08-10,0,0.00,18200.00,Active
POL10883,Amrita Reddy,Male,46,1979-12-03,+91 7319295518,policyholder10883@example.in,"111, MG Road",Delhi,Delhi,110001,Health,819500.00,2022-01-21,2027-06-11,0,0.00,23100.00,Active
POL10884,Bhavna Chatterjee,Female,24,2002-05-01,+91 7229635072,policyholder10884@example.in,"175, MG Road",Hyderabad,Telangana,500001,Motor,918500.00,2025-08-20,2028-08-19,0,0.00,37900.00,Active
POL10885,Manish Mehta,Female,51,1975-04-11,+91 7222981338,policyholder10885@example.in,"138, Lake View Road",Chennai,Tamil Nadu,600001,Health,2364500.00,2026-06-14,2029-06-13,2,460000.00,50000.00,Active
POL10886,Vikram Menon,Male,38,1988-04-25,+91 8700550321,policyholder10886@example.in,"9, Lake View Road",Delhi,Delhi,110001,Health,890000.00,2023-01-31,2027-02-14,0,0.00,16900.00,Active
POL10887,Rohan Patel,Male,38,1988-07-15,+91 9784317327,policyholder10887@example.in,"179, Station Road",Hyderabad,Telangana,500001,Motor,724500.00,2026-01-10,2028-01-10,1,168000.00,13100.00,Active
POL10888,Akash Jain,Female,26,1999-11-17,+91 8679089566,policyholder10888@example.in,"137, Station Road",Chennai,Tamil Nadu,600001,Health,996500.00,2022-12-02,2027-03-14,3,302500.00,18500.00,Active
POL10889,Arun Shah,Male,18,2008-09-08,+91 8159935335,policyholder10889@example.in,"172, Station Road",Kolkata,West Bengal,700001,Health,1731500.00,2022-02-24,2027-01-23,1,397500.00,47000.00,Active
POL10890,Nikhil Sharma,Female,55,1971-08-16,+91 7215048204,policyholder10890@example.in,"86, Station Road",Bengaluru,Karnataka,560001,Motor,929500.00,2023-01-08,2026-11-22,0,0.00,14900.00,Active
POL10891,Sneha Bhat,Male,59,1967-01-10,+91 9212288641,policyholder10891@example.in,"28, MG Road",Mumbai,Maharashtra,400001,Health,343000.00,2024-09-12,2027-06-05,1,84500.00,4600.00,Active
POL10892,Tanvi Bhat,Other,33,1993-02-26,+91 9403051795,policyholder10892@example.in,"177, Park Street",Bengaluru,Karnataka,560001,Health,1103000.00,2026-02-22,2028-02-22,0,0.00,37200.00,Active
POL10893,Deepak Pillai,Male,41,1985-01-10,+91 9272075843,policyholder10893@example.in,"15, Station Road",Delhi,Delhi,110001,Travel,144500.00,2023-10-20,2027-03-30,2,34000.00,4400.00,Active
POL10894,Rohan Singh,Female,75,1950-10-06,+91 8569848646,policyholder10894@example.in,"104, MG Road",Kolkata,West Bengal,700001,Motor,814000.00,2026-06-30,2027-06-30,4,176000.00,29400.00,Lapsed
POL10895,Sanjay Verma,Female,49,1977-02-16,+91 8105779116,policyholder10895@example.in,"1, MG Road",Hyderabad,Telangana,500001,Health,1290500.00,2026-06-13,2027-06-13,0,0.00,53000.00,Active
POL10896,Ananya Kapoor,Female,26,2000-04-08,+91 8986849804,policyholder10896@example.in,"121, Station Road",Ahmedabad,Gujarat,380001,Motor,647000.00,2023-03-23,2027-02-16,2,211500.00,23400.00,Active
POL10897,Neha Saxena,Female,44,1981-09-22,+91 7232013590,policyholder10897@example.in,"123, MG Road",Pune,Maharashtra,411001,Motor,771500.00,2023-12-06,2026-11-03,3,202000.00,17200.00,Active
POL10898,Shreya Kapoor,Female,27,1999-05-09,+91 8888599638,policyholder10898@example.in,"113, Lake View Road",Mumbai,Maharashtra,400001,Health,1044500.00,2022-09-22,2027-06-05,2,331000.00,32100.00,Active
POL10899,Akash Verma,Male,34,1991-12-27,+91 7718820640,policyholder10899@example.in,"162, MG Road",Ahmedabad,Gujarat,380001,Health,234500.00,2022-06-12,2027-02-10,0,0.00,7300.00,Active
POL10900,Sahil Mishra,Male,37,1989-05-17,+91 9741914894,policyholder10900@example.in,"159, Park Street",Hyderabad,Telangana,500001,Home,4063000.00,2026-05-11,2028-05-10,0,0.00,166000.00,Active
POL10901,Shreya Singh,Female,38,1988-06-08,+91 9779741172,policyholder10901@example.in,"160, Lake View Road",Ahmedabad,Gujarat,380001,Health,2448500.00,2025-09-30,2027-05-07,4,592500.00,58800.00,Active
POL10902,Jaya Nair,Male,39,1986-12-06,+91 9463796939,policyholder10902@example.in,"176, Lake View Road",Delhi,Delhi,110001,Home,2406500.00,2025-07-28,2028-07-27,1,311000.00,29400.00,Lapsed
POL10903,Sanjay Rao,Male,34,1992-01-21,+91 8782902401,policyholder10903@example.in,"138, Station Road",Chennai,Tamil Nadu,600001,Motor,763000.00,2022-04-28,2026-10-18,0,0.00,22100.00,Active
POL10904,Kavya Deshmukh,Male,39,1987-08-02,+91 8038887847,policyholder10904@example.in,"160, Lake View Road",Hyderabad,Telangana,500001,Travel,341500.00,2026-05-09,2029-05-08,0,0.00,11500.00,Active
POL10905,Amrita Srinivasan,Male,69,1956-12-19,+91 9600972282,policyholder10905@example.in,"15, MG Road",Pune,Maharashtra,411001,Motor,688000.00,2024-08-01,2027-08-21,0,0.00,17700.00,Active
POL10906,Karan Kapoor,Female,29,1997-04-02,+91 8253170337,policyholder10906@example.in,"126, Station Road",Mumbai,Maharashtra,400001,Motor,672000.00,2023-08-01,2027-01-03,0,0.00,21100.00,Active
POL10907,Devika Kulkarni,Female,43,1983-06-08,+91 9337776764,policyholder10907@example.in,"105, Park Street",Mumbai,Maharashtra,400001,Health,1020000.00,2025-12-21,2028-12-20,0,0.00,30600.00,Active
POL10908,Ananya Shetty,Male,28,1998-04-21,+91 7650301209,policyholder10908@example.in,"62, Park Street",Pune,Maharashtra,411001,Motor,183000.00,2024-01-03,2026-11-24,0,0.00,4500.00,Active
POL10909,Chaitanya Shah,Male,19,2007-08-19,+91 7685102673,policyholder10909@example.in,"95, Lake View Road",Delhi,Delhi,110001,Health,1852500.00,2025-03-28,2026-10-20,0,0.00,77100.00,Active
POL10910,Sanjay Saxena,Female,67,1959-01-01,+91 8270851485,policyholder10910@example.in,"78, Station Road",Delhi,Delhi,110001,Motor,907000.00,2025-04-20,2027-02-24,2,290500.00,21700.00,Active
POL10911,Arun Kapoor,Male,68,1958-01-01,+91 7277512518,policyholder10911@example.in,"64, Lake View Road",Ahmedabad,Gujarat,380001,Motor,125000.00,2022-02-12,2027-05-20,0,0.00,2600.00,Active
POL10912,Zoya Menon,Female,21,2004-09-21,+91 9534646198,policyholder10912@example.in,"129, MG Road",Pune,Maharashtra,411001,Motor,123000.00,2025-11-07,2027-11-07,0,0.00,4700.00,Active
POL10913,Deepak Menon,Female,26,2000-08-17,+91 8466968302,policyholder10913@example.in,"65, Park Street",Mumbai,Maharashtra,400001,Home,4262500.00,2025-07-16,2026-07-16,0,0.00,63100.00,Lapsed
POL10914,Arun Verma,Female,46,1980-01-06,+91 9615680129,policyholder10914@example.in,"56, Station Road",Mumbai,Maharashtra,400001,Home,1657500.00,2024-05-06,2027-03-10,0,0.00,48200.00,Active
POL10915,Tanvi Deshmukh,Male,36,1990-01-01,+91 9435765333,policyholder10915@example.in,"109, MG Road",Chennai,Tamil Nadu,600001,Health,2426000.00,2024-02-06,2027-01-17,0,0.00,50600.00,Active
POL10916,Varun Mehta,Female,30,1996-01-21,+91 8427516648,policyholder10916@example.in,"104, Station Road",Chennai,Tamil Nadu,600001,Health,1528000.00,2024-03-03,2027-06-16,0,0.00,27900.00,Active
POL10917,Aditya Deshmukh,Male,32,1994-07-22,+91 9969857528,policyholder10917@example.in,"113, MG Road",Delhi,Delhi,110001,Health,1225500.00,2022-05-13,2024-05-12,4,305500.00,49600.00,Lapsed
POL10918,Varun Iyer,Male,35,1990-12-29,+91 7557123902,policyholder10918@example.in,"146, Lake View Road",Kolkata,West Bengal,700001,Health,1927000.00,2023-03-10,2027-01-28,0,0.00,65100.00,Active
POL10919,Zoya Singh,Female,62,1964-01-17,+91 9311022549,policyholder10919@example.in,"45, MG Road",Ahmedabad,Gujarat,380001,Health,1069500.00,2021-11-18,2022-11-18,1,143500.00,41500.00,Lapsed
POL10920,Karan Deshmukh,Male,55,1971-04-16,+91 8831231477,policyholder10920@example.in,"138, MG Road",Hyderabad,Telangana,500001,Health,1480500.00,2024-03-20,2027-01-02,2,519500.00,21300.00,Active
POL10921,Pooja Patel,Male,47,1979-05-29,+91 9576180608,policyholder10921@example.in,"84, Lake View Road",Hyderabad,Telangana,500001,Motor,876000.00,2025-12-15,2026-12-15,0,0.00,14500.00,Active
POL10922,Pooja Bhat,Female,34,1991-10-19,+91 7896407641,policyholder10922@example.in,"43, Station Road",Mumbai,Maharashtra,400001,Motor,657500.00,2022-10-19,2027-06-05,0,0.00,16000.00,Active
POL10923,Akash Malhotra,Female,55,1970-09-26,+91 7069018828,policyholder10923@example.in,"75, Lake View Road",Bengaluru,Karnataka,560001,Motor,477500.00,2025-08-02,2027-08-21,1,95500.00,15900.00,Active
POL10924,Karan Shah,Male,25,2000-11-01,+91 7565323049,policyholder10924@example.in,"160, Station Road",Ahmedabad,Gujarat,380001,Motor,719000.00,2024-06-01,2026-06-01,1,96500.00,23400.00,Cancelled
POL10925,Isha Nair,Male,47,1979-03-02,+91 9595146277,policyholder10925@example.in,"18, Station Road",Kolkata,West Bengal,700001,Motor,906500.00,2023-10-06,2027-07-01,0,0.00,32400.00,Active
POL10926,Neha Khan,Female,34,1992-06-05,+91 8893632907,policyholder10926@example.in,"25, Station Road",Ahmedabad,Gujarat,380001,Motor,341000.00,2026-04-16,2028-04-15,0,0.00,8200.00,Active
POL10927,Aditya Deshmukh,Male,41,1985-09-19,+91 8779459724,policyholder10927@example.in,"9, Lake View Road",Delhi,Delhi,110001,Home,1295500.00,2024-06-30,2026-06-30,1,182500.00,17400.00,Cancelled
POL10928,Vikram Nair,Male,49,1977-03-16,+91 7150575397,policyholder10928@example.in,"142, MG Road",Chennai,Tamil Nadu,600001,Health,2178500.00,2023-04-10,2027-08-01,0,0.00,88500.00,Active
POL10929,Gaurav Malhotra,Male,48,1977-11-29,+91 9557499176,policyholder10929@example.in,"34, Station Road",Delhi,Delhi,110001,Motor,364000.00,2021-12-10,2027-07-04,0,0.00,10800.00,Active
POL10930,Zoya Deshmukh,Male,72,1954-07-26,+91 7088109449,policyholder10930@example.in,"23, MG Road",Chennai,Tamil Nadu,600001,Health,2126500.00,2025-05-07,2027-05-07,0,0.00,67500.00,Active
POL10931,Jaya Verma,Male,37,1989-09-16,+91 8211866743,policyholder10931@example.in,"145, Park Street",Hyderabad,Telangana,500001,Motor,267500.00,2022-02-02,2027-09-12,1,55000.00,4200.00,Active
POL10932,Pranav Shah,Female,18,2007-12-12,+91 9889955836,policyholder10932@example.in,"45, Station Road",Pune,Maharashtra,411001,Motor,847000.00,2025-08-01,2027-08-01,0,0.00,21500.00,Active
POL10933,Yash Kulkarni,Male,39,1987-06-16,+91 9303695965,policyholder10933@example.in,"130, Lake View Road",Mumbai,Maharashtra,400001,Home,2373500.00,2021-11-10,2022-11-10,0,0.00,61300.00,Lapsed
POL10934,Bhavna Srinivasan,Male,27,1998-10-10,+91 7327210377,policyholder10934@example.in,"150, Park Street",Ahmedabad,Gujarat,380001,Health,1950500.00,2023-03-26,2027-07-10,0,0.00,35000.00,Active
POL10935,Akash Deshmukh,Male,50,1975-10-28,+91 9764711886,policyholder10935@example.in,"125, Lake View Road",Kolkata,West Bengal,700001,Travel,415500.00,2023-02-12,2026-12-31,4,187500.00,5500.00,Active
POL10936,Amrita Deshmukh,Male,63,1963-05-30,+91 9592875794,policyholder10936@example.in,"64, Park Street",Mumbai,Maharashtra,400001,Health,1920500.00,2025-01-31,2027-01-31,0,0.00,44600.00,Cancelled
POL10937,Devika Chatterjee,Female,54,1972-04-24,+91 9419354987,policyholder10937@example.in,"70, MG Road",Ahmedabad,Gujarat,380001,Motor,378000.00,2024-11-11,2027-02-13,1,57500.00,14400.00,Active
POL10938,Pranav Malhotra,Female,38,1987-11-29,+91 7446042274,policyholder10938@example.in,"122, Park Street",Mumbai,Maharashtra,400001,Health,1807000.00,2023-08-11,2027-09-08,1,442500.00,79500.00,Active
POL10939,Devika Chatterjee,Male,26,2000-08-14,+91 8353069113,policyholder10939@example.in,"70, Station Road",Chennai,Tamil Nadu,600001,Motor,898500.00,2025-06-01,2027-04-14,0,0.00,26800.00,Active
POL10940,Pooja Jain,Female,60,1966-03-10,+91 7754327714,policyholder10940@example.in,"88, Station Road",Ahmedabad,Gujarat,380001,Health,1273500.00,2025-02-15,2027-02-01,1,129500.00,54700.00,Active
POL10941,Varun Khan,Female,41,1985-03-26,+91 8136663779,policyholder10941@example.in,"32, Park Street",Kolkata,West Bengal,700001,Motor,840000.00,2022-10-21,2026-09-20,0,0.00,16900.00,Active
POL10942,Deepak Pillai,Male,58,1968-08-10,+91 8034962763,policyholder10942@example.in,"179, Lake View Road",Delhi,Delhi,110001,Motor,250000.00,2025-03-19,2027-07-15,0,0.00,7200.00,Active
POL10943,Tanvi Verma,Female,21,2005-06-17,+91 9392626753,policyholder10943@example.in,"148, MG Road",Mumbai,Maharashtra,400001,Motor,502500.00,2022-02-08,2027-06-25,0,0.00,8000.00,Active
POL10944,Manish Verma,Female,47,1979-08-22,+91 7522744777,policyholder10944@example.in,"154, MG Road",Delhi,Delhi,110001,Motor,128500.00,2024-05-08,2027-01-22,1,33500.00,3400.00,Active
POL10945,Aditi Kapoor,Male,32,1993-12-08,+91 8930771218,policyholder10945@example.in,"62, MG Road",Kolkata,West Bengal,700001,Health,471000.00,2024-04-20,2027-05-19,0,0.00,15700.00,Active
POL10946,Sahil Jain,Male,27,1998-12-01,+91 8422066270,policyholder10946@example.in,"56, MG Road",Hyderabad,Telangana,500001,Motor,849500.00,2023-04-03,2027-06-25,0,0.00,12800.00,Active
POL10947,Farhan Verma,Female,50,1976-01-04,+91 7384690132,policyholder10947@example.in,"50, Station Road",Delhi,Delhi,110001,Motor,374500.00,2022-07-27,2027-04-04,0,0.00,13700.00,Active
POL10948,Zoya Chatterjee,Female,40,1986-05-22,+91 8870017343,policyholder10948@example.in,"71, Lake View Road",Pune,Maharashtra,411001,Health,644000.00,2023-08-29,2027-02-16,0,0.00,11100.00,Active
POL10949,Bhavna Malhotra,Female,29,1997-01-22,+91 7032986530,policyholder10949@example.in,"90, Station Road",Ahmedabad,Gujarat,380001,Motor,647000.00,2026-03-18,2028-03-17,1,72500.00,11000.00,Active
POL10950,Amrita Jain,Male,39,1987-02-16,+91 7081169375,policyholder10950@example.in,"100, Station Road",Ahmedabad,Gujarat,380001,Motor,863000.00,2023-12-30,2026-12-22,1,202500.00,33300.00,Active
POL10951,Ishaan Sharma,Female,47,1979-01-19,+91 8235429333,policyholder10951@example.in,"28, Station Road",Kolkata,West Bengal,700001,Motor,775000.00,2024-12-13,2027-12-13,2,203000.00,33400.00,Active
POL10952,Jaya Mehta,Male,39,1987-01-09,+91 9828225474,policyholder10952@example.in,"124, Lake View Road",Ahmedabad,Gujarat,380001,Motor,184500.00,2023-07-24,2027-03-26,1,43000.00,3700.00,Active
POL10953,Rohan Mishra,Female,49,1977-02-08,+91 9268864130,policyholder10953@example.in,"138, Park Street",Pune,Maharashtra,411001,Travel,257000.00,2022-07-20,2027-04-05,0,0.00,6200.00,Active
POL10954,Devika Malhotra,Female,52,1973-12-08,+91 8809771675,policyholder10954@example.in,"39, Lake View Road",Bengaluru,Karnataka,560001,Motor,925500.00,2024-08-02,2027-07-02,4,119000.00,28300.00,Active
POL10955,Meera Patel,Female,35,1991-09-16,+91 7298730016,policyholder10955@example.in,"118, Lake View Road",Chennai,Tamil Nadu,600001,Motor,383000.00,2025-09-30,2027-04-24,0,0.00,17300.00,Active
POL10956,Rahul Singh,Male,21,2004-12-08,+91 9686340394,policyholder10956@example.in,"52, Lake View Road",Chennai,Tamil Nadu,600001,Motor,359500.00,2026-04-18,2029-04-17,0,0.00,7500.00,Lapsed
POL10957,Devika Shah,Female,33,1993-09-02,+91 7338824236,policyholder10957@example.in,"13, Park Street",Delhi,Delhi,110001,Motor,311500.00,2023-11-16,2027-08-22,0,0.00,10200.00,Active
POL10958,Aditi Pillai,Female,24,2002-07-13,+91 8865200162,policyholder10958@example.in,"109, MG Road",Kolkata,West Bengal,700001,Motor,126500.00,2025-01-29,2027-01-29,0,0.00,2400.00,Active
POL10959,Gaurav Saxena,Male,34,1991-10-12,+91 9094156842,policyholder10959@example.in,"44, Lake View Road",Mumbai,Maharashtra,400001,Motor,621000.00,2022-07-18,2027-07-09,0,0.00,23000.00,Active
POL10960,Arun Mishra,Female,26,2000-09-07,+91 9303649573,policyholder10960@example.in,"137, Park Street",Pune,Maharashtra,411001,Health,822500.00,2022-02-04,2026-10-23,0,0.00,28300.00,Active
POL10961,Rohan Shetty,Female,36,1989-11-28,+91 8167395365,policyholder10961@example.in,"114, Lake View Road",Delhi,Delhi,110001,Home,4810500.00,2025-03-03,2027-04-06,0,0.00,120800.00,Active
POL10962,Varun Nair,Male,52,1974-04-01,+91 8706068249,policyholder10962@example.in,"110, MG Road",Chennai,Tamil Nadu,600001,Health,2222500.00,2025-08-22,2028-08-21,1,496000.00,96100.00,Active
POL10963,Amrita Deshmukh,Male,67,1959-06-16,+91 9672259051,policyholder10963@example.in,"117, Lake View Road",Ahmedabad,Gujarat,380001,Motor,207500.00,2022-04-13,2023-04-13,0,0.00,8200.00,Lapsed
POL10964,Deepak Sharma,Female,34,1992-02-16,+91 7868562689,policyholder10964@example.in,"35, MG Road",Delhi,Delhi,110001,Home,4070500.00,2024-12-23,2026-12-20,0,0.00,66200.00,Active
POL10965,Jaya Bhat,Male,41,1985-01-28,+91 9452667450,policyholder10965@example.in,"23, MG Road",Ahmedabad,Gujarat,380001,Health,508000.00,2026-08-20,2027-08-20,0,0.00,18900.00,Active
POL10966,Rahul Bhat,Male,44,1981-11-14,+91 8803038535,policyholder10966@example.in,"66, Park Street",Pune,Maharashtra,411001,Travel,463000.00,2025-06-16,2028-06-15,0,0.00,6900.00,Active
POL10967,Neha Mehta,Male,18,2008-06-27,+91 7375166455,policyholder10967@example.in,"55, Lake View Road",Hyderabad,Telangana,500001,Health,1631000.00,2024-10-27,2026-12-11,0,0.00,45500.00,Active
POL10968,Varun Singh,Male,36,1990-08-16,+91 9923962599,policyholder10968@example.in,"113, Station Road",Hyderabad,Telangana,500001,Health,1781000.00,2025-11-19,2027-11-19,1,168500.00,54200.00,Active
POL10969,Shreya Kulkarni,Male,54,1972-06-05,+91 7662639193,policyholder10969@example.in,"162, Station Road",Ahmedabad,Gujarat,380001,Motor,898000.00,2025-07-04,2026-07-04,1,197500.00,22200.00,Lapsed
POL10970,Aarav Shah,Male,32,1994-09-13,+91 7534619762,policyholder10970@example.in,"161, Lake View Road",Chennai,Tamil Nadu,600001,Health,1794000.00,2024-06-30,2027-01-17,0,0.00,30800.00,Active
POL10971,Diya Patel,Other,31,1995-07-23,+91 9457922788,policyholder10971@example.in,"138, Station Road",Mumbai,Maharashtra,400001,Health,1055500.00,2025-12-27,2027-12-27,0,0.00,37300.00,Lapsed
POL10972,Diya Deshmukh,Male,51,1975-08-06,+91 7378346021,policyholder10972@example.in,"160, Station Road",Delhi,Delhi,110001,Motor,364000.00,2023-10-02,2027-08-05,0,0.00,4900.00,Active
POL10973,Sahil Chatterjee,Male,37,1988-12-15,+91 7680678221,policyholder10973@example.in,"77, Station Road",Delhi,Delhi,110001,Motor,951500.00,2025-08-04,2027-08-04,0,0.00,28000.00,Active
POL10974,Rahul Saxena,Male,47,1979-05-22,+91 8167208093,policyholder10974@example.in,"42, Station Road",Delhi,Delhi,110001,Home,3442500.00,2025-01-16,2026-01-16,0,0.00,96300.00,Lapsed
POL10975,Aarav Mehta,Male,46,1980-02-14,+91 7398784264,policyholder10975@example.in,"131, Station Road",Delhi,Delhi,110001,Home,3879000.00,2024-05-23,2027-09-09,0,0.00,144400.00,Active
POL10976,Sneha Pillai,Male,50,1975-11-07,+91 7817559936,policyholder10976@example.in,"156, MG Road",Hyderabad,Telangana,500001,Home,4951000.00,2025-08-03,2026-08-03,3,2375500.00,74100.00,Lapsed
POL10977,Zoya Jain,Male,23,2003-09-09,+91 8606495906,policyholder10977@example.in,"123, Park Street",Kolkata,West Bengal,700001,Health,1732000.00,2023-06-05,2024-06-04,0,0.00,26600.00,Lapsed
POL10978,Sahil Singh,Other,28,1997-11-28,+91 9081384404,policyholder10978@example.in,"37, MG Road",Chennai,Tamil Nadu,600001,Home,3041000.00,2026-02-10,2028-02-10,0,0.00,101900.00,Active
POL10979,Shreya Saxena,Male,45,1981-08-19,+91 8161112893,policyholder10979@example.in,"96, Station Road",Kolkata,West Bengal,700001,Home,4045500.00,2023-12-17,2027-08-31,5,1650000.00,50300.00,Active
POL10980,Aditya Menon,Male,30,1996-01-04,+91 7792461284,policyholder10980@example.in,"60, Lake View Road",Pune,Maharashtra,411001,Health,2446000.00,2026-07-01,2029-06-30,0,0.00,112100.00,Active
POL10981,Deepak Reddy,Female,67,1959-05-18,+91 9714953891,policyholder10981@example.in,"114, Lake View Road",Kolkata,West Bengal,700001,Health,1322500.00,2023-02-15,2027-04-27,2,210500.00,37000.00,Active
POL10982,Neha Bhat,Female,69,1957-05-06,+91 8559401841,policyholder10982@example.in,"111, Station Road",Hyderabad,Telangana,500001,Motor,192500.00,2023-08-06,2027-05-05,0,0.00,6900.00,Active
POL10983,Akash Mehta,Male,20,2006-08-04,+91 7688452775,policyholder10983@example.in,"68, MG Road",Mumbai,Maharashtra,400001,Motor,499000.00,2022-02-23,2026-09-21,2,52000.00,16900.00,Active
POL10984,Kavya Sharma,Female,19,2007-07-07,+91 7933909956,policyholder10984@example.in,"77, Park Street",Bengaluru,Karnataka,560001,Motor,524500.00,2022-12-30,2027-04-23,0,0.00,9900.00,Active
POL10985,Varun Pillai,Female,21,2005-08-16,+91 9293117133,policyholder10985@example.in,"114, Park Street",Hyderabad,Telangana,500001,Home,3801500.00,2022-03-11,2023-03-11,0,0.00,128700.00,Lapsed
POL10986,Sneha Iyer,Male,44,1982-05-28,+91 8881176034,policyholder10986@example.in,"163, Station Road",Delhi,Delhi,110001,Motor,287500.00,2026-04-24,2029-04-23,0,0.00,9200.00,Active
POL10987,Deepak Malhotra,Other,52,1974-04-12,+91 7053150699,policyholder10987@example.in,"82, Station Road",Hyderabad,Telangana,500001,Health,2213000.00,2026-01-25,2027-01-25,2,549000.00,82300.00,Active
POL10988,Rohan Srinivasan,Male,33,1992-09-22,+91 7898639200,policyholder10988@example.in,"77, Lake View Road",Mumbai,Maharashtra,400001,Home,1896000.00,2024-10-09,2025-10-09,0,0.00,47100.00,Lapsed
POL10989,Diya Bhat,Male,28,1998-02-08,+91 7950635281,policyholder10989@example.in,"146, Lake View Road",Delhi,Delhi,110001,Home,1631500.00,2024-08-21,2025-08-21,1,374500.00,19700.00,Lapsed
POL10990,Sneha Mishra,Male,59,1967-01-18,+91 9084331490,policyholder10990@example.in,"6, Park Street",Mumbai,Maharashtra,400001,Home,1921000.00,2026-06-13,2028-06-12,1,437500.00,71200.00,Active
POL10991,Aditya Shetty,Female,27,1999-02-06,+91 8994788913,policyholder10991@example.in,"90, Park Street",Kolkata,West Bengal,700001,Health,806500.00,2021-12-31,2026-11-10,0,0.00,26800.00,Active
POL10992,Pooja Mehta,Male,49,1977-06-19,+91 7257202339,policyholder10992@example.in,"13, MG Road",Chennai,Tamil Nadu,600001,Health,2374500.00,2024-12-18,2026-12-18,1,375000.00,86400.00,Active
POL10993,Aditya Jain,Male,32,1994-08-22,+91 7211826958,policyholder10993@example.in,"3, MG Road",Bengaluru,Karnataka,560001,Home,3507500.00,2024-09-17,2026-11-28,0,0.00,95500.00,Active
POL10994,Devika Sharma,Male,53,1972-12-16,+91 7164751200,policyholder10994@example.in,"21, Station Road",Hyderabad,Telangana,500001,Motor,487000.00,2022-04-26,2027-01-19,0,0.00,13900.00,Active
POL10995,Akash Shah,Male,24,2002-03-17,+91 8854583237,policyholder10995@example.in,"107, Lake View Road",Pune,Maharashtra,411001,Motor,991000.00,2024-04-18,2027-02-12,0,0.00,33400.00,Active
POL10996,Nikhil Malhotra,Other,72,1954-05-29,+91 8078526447,policyholder10996@example.in,"30, Station Road",Pune,Maharashtra,411001,Motor,768500.00,2021-10-11,2026-10-03,0,0.00,26200.00,Active
POL10997,Jaya Saxena,Female,44,1981-12-27,+91 8742700747,policyholder10997@example.in,"34, Station Road",Chennai,Tamil Nadu,600001,Health,1260500.00,2026-02-01,2027-02-01,2,179500.00,36400.00,Active
POL10998,Aditi Deshmukh,Male,22,2004-09-01,+91 8227140780,policyholder10998@example.in,"75, Station Road",Kolkata,West Bengal,700001,Motor,754000.00,2024-06-09,2027-01-20,0,0.00,13200.00,Active
POL10999,Arun Saxena,Male,22,2003-12-08,+91 9759366105,policyholder10999@example.in,"38, Park Street",Delhi,Delhi,110001,Health,1236000.00,2023-05-20,2025-05-19,0,0.00,28100.00,Lapsed
POL11000,Aarav Menon,Male,63,1963-01-02,+91 9538473097,policyholder11000@example.in,"135, Station Road",Mumbai,Maharashtra,400001,Motor,211500.00,2023-12-25,2027-01-28,1,33000.00,7700.00,Active
POL11001,Riya Patel,Male,44,1982-03-29,+91 9230586293,policyholder11001@example.in,"23, MG Road",Delhi,Delhi,110001,Motor,106000.00,2025-07-04,2028-07-03,0,0.00,2300.00,Active
POL11002,Pooja Saxena,Male,24,2002-06-13,+91 8737172937,policyholder11002@example.in,"166, Lake View Road",Delhi,Delhi,110001,Health,975500.00,2025-07-16,2027-07-16,0,0.00,36400.00,Lapsed
POL11003,Manish Chatterjee,Male,49,1977-08-30,+91 9835707187,policyholder11003@example.in,"135, Park Street",Chennai,Tamil Nadu,600001,Home,4435000.00,2025-09-30,2027-09-30,3,1235500.00,126800.00,Active
POL11004,Rohan Pillai,Male,25,2001-06-20,+91 9925420731,policyholder11004@example.in,"13, Lake View Road",Bengaluru,Karnataka,560001,Motor,497000.00,2026-02-07,2028-02-07,1,66500.00,7700.00,Active
POL11005,Ishaan Kapoor,Male,42,1984-02-25,+91 9834557684,policyholder11005@example.in,"152, Park Street",Ahmedabad,Gujarat,380001,Travel,340500.00,2024-12-08,2025-12-08,1,74000.00,15700.00,Cancelled
POL11006,Aditya Rao,Female,26,1999-10-10,+91 9868950573,policyholder11006@example.in,"130, Park Street",Pune,Maharashtra,411001,Health,2028500.00,2022-09-14,2026-10-27,0,0.00,83800.00,Active
POL11007,Bhavna Deshmukh,Female,33,1993-07-20,+91 7589971477,policyholder11007@example.in,"85, Station Road",Pune,Maharashtra,411001,Motor,572000.00,2022-02-26,2027-08-08,0,0.00,26800.00,Active
POL11008,Ananya Singh,Female,45,1981-08-24,+91 8288316088,policyholder11008@example.in,"15, Park Street",Chennai,Tamil Nadu,600001,Health,2434500.00,2025-03-01,2027-03-01,2,496500.00,68100.00,Active
POL11009,Deepak Iyer,Female,31,1995-06-09,+91 8791250473,policyholder11009@example.in,"5, Lake View Road",Bengaluru,Karnataka,560001,Health,1871000.00,2024-10-19,2027-10-19,2,333500.00,74500.00,Active
POL11010,Sneha Jain,Female,30,1996-09-13,+91 8186703006,policyholder11010@example.in,"177, Park Street",Bengaluru,Karnataka,560001,Health,1821500.00,2024-08-09,2026-11-05,2,353500.00,40800.00,Active
POL11011,Lakshmi Singh,Female,31,1995-09-03,+91 9891135309,policyholder11011@example.in,"75, Lake View Road",Ahmedabad,Gujarat,380001,Motor,493500.00,2021-11-04,2027-09-11,3,138500.00,9600.00,Active
POL11012,Rahul Saxena,Male,59,1966-09-30,+91 9971122710,policyholder11012@example.in,"110, Park Street",Chennai,Tamil Nadu,600001,Health,1405500.00,2026-01-03,2029-01-02,2,237000.00,65200.00,Active
POL11013,Isha Malhotra,Male,56,1970-07-04,+91 9277367671,policyholder11013@example.in,"30, Lake View Road",Chennai,Tamil Nadu,600001,Motor,949000.00,2025-02-14,2027-02-14,0,0.00,42500.00,Active
POL11014,Tanvi Shah,Male,37,1989-03-20,+91 9725390323,policyholder11014@example.in,"33, MG Road",Delhi,Delhi,110001,Health,1675000.00,2023-08-29,2025-08-28,0,0.00,48300.00,Cancelled
POL11015,Varun Jain,Male,21,2005-02-15,+91 7939120748,policyholder11015@example.in,"78, Station Road",Pune,Maharashtra,411001,Motor,866000.00,2023-07-26,2026-11-02,0,0.00,11100.00,Active
POL11016,Deepak Mishra,Female,29,1997-04-18,+91 8858751442,policyholder11016@example.in,"116, Lake View Road",Chennai,Tamil Nadu,600001,Home,2966000.00,2026-07-29,2028-07-28,1,513000.00,89200.00,Active
POL11017,Akash Verma,Male,54,1972-06-20,+91 8493823862,policyholder11017@example.in,"20, Lake View Road",Ahmedabad,Gujarat,380001,Health,2296500.00,2022-11-14,2027-03-21,1,298500.00,80600.00,Active
POL11018,Mohan Verma,Male,26,2000-05-30,+91 8443142651,policyholder11018@example.in,"158, Park Street",Mumbai,Maharashtra,400001,Health,794500.00,2022-05-18,2027-01-21,0,0.00,30500.00,Active
POL11019,Arjun Khan,Male,32,1993-11-07,+91 7679867248,policyholder11019@example.in,"34, Park Street",Delhi,Delhi,110001,Motor,839000.00,2024-10-04,2027-03-14,0,0.00,39800.00,Active
POL11020,Vikram Singh,Male,37,1989-06-08,+91 7040766883,policyholder11020@example.in,"1, Park Street",Hyderabad,Telangana,500001,Home,3865000.00,2026-04-18,2028-04-17,0,0.00,54200.00,Active
POL11021,Sahil Iyer,Female,47,1979-02-27,+91 7799794457,policyholder11021@example.in,"32, Lake View Road",Kolkata,West Bengal,700001,Health,2228500.00,2024-03-19,2026-03-19,0,0.00,67200.00,Cancelled
POL11022,Ananya Chatterjee,Male,47,1978-10-28,+91 7441067455,policyholder11022@example.in,"87, Lake View Road",Delhi,Delhi,110001,Motor,436000.00,2022-03-02,2026-11-17,5,268000.00,6000.00,Active
POL11023,Nikhil Chatterjee,Male,53,1973-05-01,+91 9189175346,policyholder11023@example.in,"40, Station Road",Bengaluru,Karnataka,560001,Health,691000.00,2023-06-22,2026-12-22,0,0.00,10200.00,Active
POL11024,Tanvi Jain,Female,48,1978-06-04,+91 9076376518,policyholder11024@example.in,"105, Lake View Road",Bengaluru,Karnataka,560001,Motor,193500.00,2023-12-08,2024-12-07,2,31500.00,2700.00,Cancelled
POL11025,Sneha Sharma,Female,70,1956-05-15,+91 8505028913,policyholder11025@example.in,"54, Station Road",Pune,Maharashtra,411001,Health,1327000.00,2023-12-27,2026-10-07,1,358000.00,59200.00,Active
POL11026,Riya Pillai,Male,37,1989-04-22,+91 9438100552,policyholder11026@example.in,"53, Station Road",Bengaluru,Karnataka,560001,Home,1958500.00,2024-04-23,2026-11-09,0,0.00,91000.00,Active
POL11027,Farhan Shetty,Male,67,1959-06-07,+91 9625131522,policyholder11027@example.in,"103, MG Road",Ahmedabad,Gujarat,380001,Home,4231500.00,2023-12-11,2027-07-16,0,0.00,129300.00,Active
POL11028,Sneha Mishra,Male,51,1975-02-19,+91 8811438310,policyholder11028@example.in,"173, Station Road",Ahmedabad,Gujarat,380001,Travel,100000.00,2024-02-09,2027-06-19,0,0.00,3600.00,Active
POL11029,Yash Rao,Female,30,1996-01-13,+91 7617511056,policyholder11029@example.in,"122, Station Road",Pune,Maharashtra,411001,Motor,573000.00,2023-10-04,2026-11-10,0,0.00,10700.00,Active
POL11030,Diya Jain,Female,28,1997-10-26,+91 8952476661,policyholder11030@example.in,"164, Lake View Road",Kolkata,West Bengal,700001,Motor,631500.00,2021-11-22,2027-07-16,3,79500.00,8200.00,Active
POL11031,Lakshmi Srinivasan,Male,44,1982-07-26,+91 7630828416,policyholder11031@example.in,"159, MG Road",Ahmedabad,Gujarat,380001,Health,1778500.00,2022-10-29,2027-01-19,0,0.00,54800.00,Active
POL11032,Rahul Iyer,Female,42,1984-02-18,+91 8617191227,policyholder11032@example.in,"59, MG Road",Bengaluru,Karnataka,560001,Motor,648500.00,2022-01-21,2027-01-14,2,219000.00,12200.00,Active
POL11033,Lakshmi Singh,Male,48,1978-05-02,+91 7945596504,policyholder11033@example.in,"92, Park Street",Ahmedabad,Gujarat,380001,Travel,324500.00,2024-06-03,2027-06-06,1,70000.00,12600.00,Active
POL11034,Isha Saxena,Male,38,1988-05-12,+91 7728272106,policyholder11034@example.in,"46, Park Street",Delhi,Delhi,110001,Home,3919500.00,2022-08-27,2027-02-24,0,0.00,125500.00,Active
POL11035,Deepak Malhotra,Male,19,2007-03-31,+91 7911014957,policyholder11035@example.in,"93, Lake View Road",Delhi,Delhi,110001,Travel,362500.00,2024-03-24,2027-06-07,0,0.00,13300.00,Active
POL11036,Varun Patel,Male,73,1953-04-13,+91 7632415361,policyholder11036@example.in,"91, MG Road",Ahmedabad,Gujarat,380001,Health,1407000.00,2026-01-13,2028-01-13,1,188000.00,61000.00,Active
POL11037,Manish Khan,Male,49,1977-04-02,+91 8427118908,policyholder11037@example.in,"122, Lake View Road",Ahmedabad,Gujarat,380001,Motor,362500.00,2025-05-08,2027-05-08,0,0.00,7900.00,Active
POL11038,Yash Jain,Female,25,2001-04-20,+91 9260007448,policyholder11038@example.in,"37, Lake View Road",Hyderabad,Telangana,500001,Motor,689000.00,2022-09-23,2027-01-04,0,0.00,16000.00,Active
POL11039,Jaya Khan,Female,22,2004-09-05,+91 9657724023,policyholder11039@example.in,"36, Station Road",Chennai,Tamil Nadu,600001,Health,291000.00,2025-08-12,2026-08-12,0,0.00,13100.00,Lapsed
POL11040,Lakshmi Nair,Male,29,1996-12-30,+91 8154394382,policyholder11040@example.in,"38, Station Road",Mumbai,Maharashtra,400001,Motor,946000.00,2025-07-19,2027-06-07,0,0.00,27200.00,Active
POL11041,Shreya Menon,Male,48,1978-07-18,+91 8060506024,policyholder11041@example.in,"149, Park Street",Delhi,Delhi,110001,Motor,606000.00,2023-07-23,2027-04-27,0,0.00,10400.00,Active
POL11042,Karan Bhat,Male,36,1990-06-29,+91 9564934367,policyholder11042@example.in,"16, Station Road",Delhi,Delhi,110001,Motor,199000.00,2024-04-08,2027-05-28,0,0.00,3600.00,Active
POL11043,Yash Shah,Female,71,1955-01-29,+91 7649483336,policyholder11043@example.in,"59, Lake View Road",Ahmedabad,Gujarat,380001,Motor,625000.00,2023-07-11,2025-07-10,1,157000.00,9800.00,Cancelled
POL11044,Vikram Nair,Female,27,1999-02-09,+91 7507539046,policyholder11044@example.in,"12, Lake View Road",Kolkata,West Bengal,700001,Health,1161500.00,2022-02-10,2027-03-24,0,0.00,49900.00,Active
POL11045,Farhan Shah,Male,38,1988-08-19,+91 8593993211,policyholder11045@example.in,"56, Lake View Road",Mumbai,Maharashtra,400001,Home,1021500.00,2023-02-24,2027-02-14,0,0.00,40800.00,Active
POL11046,Arun Rao,Female,32,1994-06-26,+91 9145687870,policyholder11046@example.in,"119, MG Road",Bengaluru,Karnataka,560001,Health,1301500.00,2025-04-13,2027-02-23,0,0.00,24400.00,Active
POL11047,Sneha Reddy,Male,52,1974-07-19,+91 9555904611,policyholder11047@example.in,"163, Lake View Road",Pune,Maharashtra,411001,Motor,989500.00,2022-05-20,2027-06-16,4,344000.00,23600.00,Active
POL11048,Ishaan Khan,Female,25,2000-11-07,+91 7881121815,policyholder11048@example.in,"57, Park Street",Mumbai,Maharashtra,400001,Health,1381500.00,2024-01-21,2027-06-23,0,0.00,44100.00,Active
POL11049,Lakshmi Iyer,Female,44,1982-07-05,+91 7375623825,policyholder11049@example.in,"29, Park Street",Chennai,Tamil Nadu,600001,Home,3514500.00,2022-04-01,2027-06-18,0,0.00,84800.00,Active
POL11050,Gaurav Srinivasan,Female,40,1986-08-27,+91 7095207603,policyholder11050@example.in,"95, Lake View Road",Pune,Maharashtra,411001,Travel,119000.00,2025-12-01,2027-12-01,1,23500.00,2100.00,Active
POL11051,Meera Singh,Male,18,2008-01-12,+91 8899198123,policyholder11051@example.in,"27, Lake View Road",Mumbai,Maharashtra,400001,Travel,444500.00,2021-12-14,2027-09-12,2,114500.00,13900.00,Active
POL11052,Zoya Khan,Female,26,1999-12-03,+91 9002820757,policyholder11052@example.in,"121, MG Road",Delhi,Delhi,110001,Travel,260500.00,2023-12-04,2027-01-11,0,0.00,7800.00,Active
POL11053,Ishaan Patel,Male,38,1988-05-07,+91 9656613804,policyholder11053@example.in,"34, MG Road",Delhi,Delhi,110001,Home,1190500.00,2023-12-26,2027-01-24,0,0.00,18600.00,Active
POL11054,Devika Saxena,Female,20,2005-10-03,+91 7349717175,policyholder11054@example.in,"10, MG Road",Pune,Maharashtra,411001,Health,2149000.00,2023-02-20,2024-02-20,0,0.00,74600.00,Lapsed
POL11055,Ishaan Iyer,Male,64,1961-11-07,+91 7325447397,policyholder11055@example.in,"161, Lake View Road",Kolkata,West Bengal,700001,Health,1295500.00,2021-10-27,2027-05-05,0,0.00,34800.00,Active
POL11056,Varun Malhotra,Male,29,1997-04-10,+91 9082868960,policyholder11056@example.in,"104, MG Road",Delhi,Delhi,110001,Health,2013000.00,2024-10-12,2027-02-27,0,0.00,85400.00,Active
POL11057,Aditya Malhotra,Male,46,1980-02-24,+91 7814236012,policyholder11057@example.in,"120, Park Street",Ahmedabad,Gujarat,380001,Travel,220000.00,2023-10-12,2026-11-24,5,116500.00,4500.00,Active
POL11058,Tanvi Iyer,Male,42,1984-04-18,+91 7340532158,policyholder11058@example.in,"87, Station Road",Pune,Maharashtra,411001,Health,1389000.00,2024-09-23,2027-05-27,2,217500.00,33400.00,Active
POL11059,Arun Pillai,Female,54,1972-07-31,+91 8489048841,policyholder11059@example.in,"29, Lake View Road",Hyderabad,Telangana,500001,Health,1735000.00,2021-12-05,2027-07-21,3,556000.00,65100.00,Active
POL11060,Zoya Saxena,Female,42,1984-08-01,+91 8505644631,policyholder11060@example.in,"44, Park Street",Ahmedabad,Gujarat,380001,Motor,614500.00,2024-10-04,2027-05-07,0,0.00,9600.00,Active
POL11061,Ananya Singh,Female,47,1978-10-19,+91 8174480127,policyholder11061@example.in,"35, Lake View Road",Bengaluru,Karnataka,560001,Health,557500.00,2026-03-03,2028-03-02,0,0.00,8300.00,Active
POL11062,Ananya Shah,Male,27,1998-09-24,+91 7933069293,policyholder11062@example.in,"74, MG Road",Ahmedabad,Gujarat,380001,Health,2374500.00,2026-08-20,2028-08-19,0,0.00,109200.00,Active
POL11063,Nikhil Malhotra,Female,55,1970-10-05,+91 7042273960,policyholder11063@example.in,"60, Station Road",Bengaluru,Karnataka,560001,Home,2993500.00,2023-11-10,2026-11-07,0,0.00,78200.00,Active
POL11064,Deepak Verma,Male,51,1975-04-03,+91 9723949096,policyholder11064@example.in,"109, Park Street",Mumbai,Maharashtra,400001,Health,966500.00,2022-12-13,2024-12-12,0,0.00,31900.00,Lapsed
POL11065,Ishaan Pillai,Male,54,1972-09-03,+91 8823609405,policyholder11065@example.in,"99, Lake View Road",Pune,Maharashtra,411001,Health,2112500.00,2022-09-25,2027-07-20,0,0.00,52000.00,Active
POL11066,Nikhil Sharma,Male,36,1990-07-28,+91 9737949001,policyholder11066@example.in,"91, Park Street",Pune,Maharashtra,411001,Motor,227500.00,2024-05-03,2027-02-24,0,0.00,4300.00,Active
POL11067,Sahil Mehta,Male,33,1993-02-18,+91 8105214600,policyholder11067@example.in,"73, Station Road",Kolkata,West Bengal,700001,Health,1529500.00,2022-09-18,2026-12-25,4,634500.00,63500.00,Active
POL11068,Aditi Mehta,Female,41,1985-04-23,+91 8176816272,policyholder11068@example.in,"41, MG Road",Chennai,Tamil Nadu,600001,Motor,125000.00,2023-03-10,2027-01-29,0,0.00,3200.00,Active
POL11069,Zoya Iyer,Female,27,1998-11-10,+91 7431393872,policyholder11069@example.in,"153, Park Street",Chennai,Tamil Nadu,600001,Home,3550000.00,2022-05-01,2023-05-01,0,0.00,157500.00,Lapsed
POL11070,Gaurav Malhotra,Female,54,1972-03-10,+91 8692084529,policyholder11070@example.in,"36, MG Road",Mumbai,Maharashtra,400001,Home,3541500.00,2022-02-24,2027-04-28,0,0.00,142800.00,Active
POL11071,Rahul Mishra,Female,37,1989-08-17,+91 9069326235,policyholder11071@example.in,"18, Station Road",Chennai,Tamil Nadu,600001,Health,392000.00,2023-10-02,2027-01-29,0,0.00,17100.00,Active
POL11072,Nikhil Chatterjee,Male,51,1975-06-05,+91 8390787242,policyholder11072@example.in,"33, MG Road",Kolkata,West Bengal,700001,Health,1727000.00,2021-10-31,2027-03-31,1,375000.00,24100.00,Active
POL11073,Vikram Mehta,Female,50,1976-09-01,+91 9783784605,policyholder11073@example.in,"14, Park Street",Kolkata,West Bengal,700001,Motor,165500.00,2022-01-26,2027-02-27,0,0.00,7800.00,Active
POL11074,Mohan Shah,Female,47,1978-12-05,+91 9641238114,policyholder11074@example.in,"80, Lake View Road",Chennai,Tamil Nadu,600001,Home,4865000.00,2022-01-16,2027-08-22,0,0.00,112500.00,Active
POL11075,Vikram Bhat,Male,25,2000-09-27,+91 9861982501,policyholder11075@example.in,"81, MG Road",Ahmedabad,Gujarat,380001,Health,380500.00,2025-04-01,2027-07-10,0,0.00,14200.00,Active
POL11076,Farhan Reddy,Male,23,2002-10-24,+91 9780268814,policyholder11076@example.in,"44, Lake View Road",Ahmedabad,Gujarat,380001,Motor,646500.00,2023-04-24,2026-10-11,0,0.00,13400.00,Active
POL11077,Tanvi Srinivasan,Female,65,1961-01-05,+91 8245145171,policyholder11077@example.in,"48, Park Street",Pune,Maharashtra,411001,Motor,249000.00,2022-07-23,2026-10-15,0,0.00,4900.00,Active
POL11078,Vikram Mehta,Male,54,1972-04-30,+91 8507242334,policyholder11078@example.in,"65, Park Street",Chennai,Tamil Nadu,600001,Health,1915500.00,2021-12-16,2026-11-27,0,0.00,66000.00,Active
POL11079,Rahul Kulkarni,Male,40,1986-06-10,+91 8385063377,policyholder11079@example.in,"121, Lake View Road",Mumbai,Maharashtra,400001,Health,1888500.00,2022-07-24,2026-11-05,1,424000.00,57500.00,Active
POL11080,Manish Mehta,Male,45,1980-11-24,+91 9741975175,policyholder11080@example.in,"20, MG Road",Chennai,Tamil Nadu,600001,Travel,153500.00,2023-08-11,2027-06-01,0,0.00,4800.00,Active
POL11081,Rohan Khan,Male,37,1988-11-13,+91 9498900308,policyholder11081@example.in,"93, Lake View Road",Pune,Maharashtra,411001,Motor,165000.00,2025-03-04,2027-03-04,0,0.00,2000.00,Lapsed
POL11082,Sanjay Khan,Female,31,1994-12-03,+91 7816661599,policyholder11082@example.in,"60, Station Road",Hyderabad,Telangana,500001,Health,461000.00,2026-04-05,2027-04-05,0,0.00,12600.00,Active
POL11083,Nikhil Deshmukh,Female,57,1969-03-30,+91 8110757007,policyholder11083@example.in,"47, Park Street",Pune,Maharashtra,411001,Motor,256000.00,2023-01-12,2026-10-27,2,31000.00,8700.00,Active
POL11084,Amrita Singh,Male,46,1980-08-11,+91 7630275732,policyholder11084@example.in,"148, Park Street",Mumbai,Maharashtra,400001,Motor,745000.00,2024-12-16,2026-12-16,0,0.00,29800.00,Active
POL11085,Amrita Mishra,Female,42,1984-07-07,+91 7772633000,policyholder11085@example.in,"30, MG Road",Delhi,Delhi,110001,Health,1707500.00,2023-08-12,2025-08-11,5,652500.00,81700.00,Lapsed
POL11086,Diya Iyer,Male,51,1975-03-11,+91 7916820006,policyholder11086@example.in,"29, Lake View Road",Mumbai,Maharashtra,400001,Health,2442500.00,2023-03-03,2027-07-30,3,331500.00,60900.00,Active
POL11087,Arun Bhat,Male,25,2000-11-15,+91 9548062409,policyholder11087@example.in,"144, MG Road",Chennai,Tamil Nadu,600001,Home,2245500.00,2026-02-22,2027-02-22,0,0.00,28300.00,Cancelled
POL11088,Varun Bhat,Male,34,1992-05-12,+91 9646663512,policyholder11088@example.in,"4, Lake View Road",Chennai,Tamil Nadu,600001,Health,304000.00,2025-04-15,2027-02-16,0,0.00,13900.00,Active
POL11089,Riya Pillai,Male,47,1979-05-20,+91 8149328190,policyholder11089@example.in,"20, Lake View Road",Ahmedabad,Gujarat,380001,Motor,121500.00,2024-01-20,2027-06-22,1,16500.00,2300.00,Active
POL11090,Varun Sharma,Male,38,1988-04-23,+91 8995425160,policyholder11090@example.in,"82, Lake View Road",Mumbai,Maharashtra,400001,Motor,774500.00,2026-04-17,2027-04-17,1,103500.00,17800.00,Active
POL11091,Ishaan Shetty,Male,52,1974-04-07,+91 7340595720,policyholder11091@example.in,"147, Park Street",Kolkata,West Bengal,700001,Health,1945500.00,2025-09-11,2027-09-11,0,0.00,29700.00,Active
POL11092,Pranav Reddy,Male,62,1964-03-13,+91 9273405349,policyholder11092@example.in,"18, Station Road",Hyderabad,Telangana,500001,Motor,587000.00,2022-08-17,2027-06-15,1,71500.00,13000.00,Active
POL11093,Arun Mishra,Male,43,1983-08-04,+91 7378986073,policyholder11093@example.in,"39, Station Road",Kolkata,West Bengal,700001,Health,1634000.00,2023-06-09,2025-06-08,1,290500.00,46900.00,Lapsed
POL11094,Arun Shetty,Female,54,1972-02-11,+91 7413134977,policyholder11094@example.in,"105, MG Road",Hyderabad,Telangana,500001,Motor,223500.00,2025-04-01,2027-05-08,0,0.00,3200.00,Active
POL11095,Vikram Nair,Female,40,1986-03-08,+91 9410602236,policyholder11095@example.in,"72, Station Road",Bengaluru,Karnataka,560001,Motor,506000.00,2021-11-29,2027-05-29,0,0.00,22800.00,Active
POL11096,Akash Nair,Female,34,1991-11-10,+91 8957056864,policyholder11096@example.in,"116, Park Street",Chennai,Tamil Nadu,600001,Motor,398500.00,2024-07-27,2027-04-28,0,0.00,7900.00,Active
POL11097,Mohan Verma,Male,52,1974-08-14,+91 7273412232,policyholder11097@example.in,"24, Lake View Road",Hyderabad,Telangana,500001,Health,2465500.00,2026-05-02,2028-05-01,0,0.00,44500.00,Active
POL11098,Vikram Mishra,Male,59,1967-04-26,+91 9070953730,policyholder11098@example.in,"101, Park Street",Kolkata,West Bengal,700001,Health,2415000.00,2022-02-02,2027-02-03,0,0.00,45400.00,Active
POL11099,Karan Rao,Male,43,1983-06-01,+91 8000355958,policyholder11099@example.in,"121, Park Street",Kolkata,West Bengal,700001,Health,2036000.00,2025-08-30,2026-12-20,4,592000.00,42600.00,Active
POL11100,Lakshmi Chatterjee,Female,61,1965-08-28,+91 8300499401,policyholder11100@example.in,"85, Station Road",Chennai,Tamil Nadu,600001,Home,2928000.00,2023-07-17,2027-02-27,0,0.00,126300.00,Active
